{
  "mc_basic": {
    "chamfer_distance": 74.02114413730547,
    "hausdorff_distance": 246.76648801849973,
    "volume_ratio": 267939.2898201017,
    "area_ratio": 5388.592366603483,
    "n_vertices": 878333,
    "n_faces": 1736876,
    "gt_volume": 1.3719499893177352,
    "pred_volume": 367599.30580649007,
    "gt_area": 103.32979965202993,
    "pred_area": 556802.1696475957,
    "gt_porosity": 0.5248805925925926,
    "pred_porosity": 0.5248805925925926,
    "porosity_error": 0.0,
    "porosity_ratio": 1.0,
    "success": true
  },
  "mc_smooth": {
    "chamfer_distance": 72.90720299431439,
    "hausdorff_distance": 246.6478368981946,
    "volume_ratio": 54925.7163230957,
    "area_ratio": 3119.8300017392617,
    "n_vertices": 489193,
    "n_faces": 966040,
    "gt_volume": 1.3719499893177352,
    "pred_volume": 75355.3359227401,
    "gt_area": 103.32979965202993,
    "pred_area": 322371.4090281101,
    "gt_porosity": 0.5248805925925926,
    "pred_porosity": 0.5248805925925926,
    "porosity_error": 0.0,
    "porosity_ratio": 1.0,
    "success": true
  },
  "mc_filled": {
    "chamfer_distance": 72.08806666495457,
    "hausdorff_distance": 250.75843697364877,
    "volume_ratio": 1235795.6870005005,
    "area_ratio": 4526.039189067442,
    "n_vertices": 664674,
    "n_faces": 1330768,
    "gt_volume": 1.3719499893177352,
    "pred_volume": 1695449.8795792398,
    "gt_area": 103.32979965202993,
    "pred_area": 467674.72262357484,
    "gt_porosity": 0.5248805925925926,
    "pred_porosity": 0.5248805925925926,
    "porosity_error": 0.0,
    "porosity_ratio": 1.0,
    "success": true
  },
  "voxel_direct": {
    "chamfer_distance": 73.1339058905405,
    "hausdorff_distance": 248.72855961156662,
    "volume_ratio": 1167291.3340884496,
    "area_ratio": 6750.333015777483,
    "n_vertices": 961045,
    "n_faces": 1934794,
    "gt_volume": 1.3719499893177352,
    "pred_volume": 1601465.3333333333,
    "gt_area": 103.32979965202993,
    "pred_area": 697510.5581047703,
    "gt_porosity": 0.5248805925925926,
    "pred_porosity": 0.5248805925925926,
    "porosity_error": 0.0,
    "porosity_ratio": 1.0,
    "success": true
  },
  "convex_hull": {
    "chamfer_distance": 77.42097144078274,
    "hausdorff_distance": 245.1066975858028,
    "volume_ratio": 2382317.5761956214,
    "area_ratio": 1233.1728637240144,
    "n_vertices": 106,
    "n_faces": 208,
    "gt_volume": 1.3719499893177352,
    "pred_volume": 3268420.5732130357,
    "gt_area": 103.32979965202993,
    "pred_area": 127423.50494492243,
    "gt_porosity": 0.5248805925925926,
    "pred_porosity": 0.5248805925925926,
    "porosity_error": 0.0,
    "porosity_ratio": 1.0,
    "success": true
  },
  "dual_contour": {
    "success": false,
    "error": "No surface found at the given iso value."
  },
  "multiscale": {
    "chamfer_distance": 72.68279466773903,
    "hausdorff_distance": 248.25436929233376,
    "volume_ratio": 189283.96683993356,
    "area_ratio": 4311.213224053453,
    "n_vertices": 689618,
    "n_faces": 1363222,
    "gt_volume": 1.3719499893177352,
    "pred_volume": 259688.1362840654,
    "gt_area": 103.32979965202993,
    "pred_area": 445476.7986986253,
    "gt_porosity": 0.5248805925925926,
    "pred_porosity": 0.5248805925925926,
    "porosity_error": 0.0,
    "porosity_ratio": 1.0,
    "success": true
  }
}