{
  "mc_basic": {
    "chamfer_distance": 74.86578274271987,
    "hausdorff_distance": 245.05264308112922,
    "volume_ratio": 387040.8179359293,
    "area_ratio": 5166.5520682558345,
    "n_vertices": 869327,
    "n_faces": 1720016,
    "gt_volume": 1.6645449925987388,
    "pred_volume": 644246.8554265712,
    "gt_area": 106.10140082263074,
    "pred_area": 548178.4118650041,
    "gt_porosity": 0.43541837037037034,
    "pred_porosity": 0.43541837037037034,
    "porosity_error": 0.0,
    "porosity_ratio": 1.0,
    "success": true
  },
  "mc_smooth": {
    "chamfer_distance": 77.20731937504374,
    "hausdorff_distance": 243.42977040551696,
    "volume_ratio": 240222.60618261833,
    "area_ratio": 2931.76094881116,
    "n_vertices": 471614,
    "n_faces": 932073,
    "gt_volume": 1.6645449925987388,
    "pred_volume": 399861.3362302962,
    "gt_area": 106.10140082263074,
    "pred_area": 311063.94354594906,
    "gt_porosity": 0.43541837037037034,
    "pred_porosity": 0.43541837037037034,
    "porosity_error": 0.0,
    "porosity_ratio": 1.0,
    "success": true
  },
  "mc_filled": {
    "chamfer_distance": 72.67342074616542,
    "hausdorff_distance": 243.8839029344053,
    "volume_ratio": 1272008.69063361,
    "area_ratio": 3787.091178087976,
    "n_vertices": 558698,
    "n_faces": 1118188,
    "gt_volume": 1.6645449925987388,
    "pred_volume": 2117315.6965362537,
    "gt_area": 106.10140082263074,
    "pred_area": 401815.6790381612,
    "gt_porosity": 0.43541837037037034,
    "pred_porosity": 0.43541837037037034,
    "porosity_error": 0.0,
    "porosity_ratio": 1.0,
    "success": true
  },
  "voxel_direct": {
    "chamfer_distance": 74.11800479673302,
    "hausdorff_distance": 248.75292273773488,
    "volume_ratio": 1145612.4447295268,
    "area_ratio": 6578.686930871201,
    "n_vertices": 959724,
    "n_faces": 1931352,
    "gt_volume": 1.6645449925987388,
    "pred_volume": 1906923.4583333333,
    "gt_area": 106.10140082263074,
    "pred_area": 698007.8989389677,
    "gt_porosity": 0.43541837037037034,
    "pred_porosity": 0.43541837037037034,
    "porosity_error": 0.0,
    "porosity_ratio": 1.0,
    "success": true
  },
  "convex_hull": {
    "chamfer_distance": 78.89246213225518,
    "hausdorff_distance": 250.32975387825869,
    "volume_ratio": 1964200.1454438714,
    "area_ratio": 1200.5961486188185,
    "n_vertices": 85,
    "n_faces": 166,
    "gt_volume": 1.6645449925987388,
    "pred_volume": 3269499.5165603105,
    "gt_area": 106.10140082263074,
    "pred_area": 127384.933190712,
    "gt_porosity": 0.43541837037037034,
    "pred_porosity": 0.43541837037037034,
    "porosity_error": 0.0,
    "porosity_ratio": 1.0,
    "success": true
  },
  "dual_contour": {
    "success": false,
    "error": "No surface found at the given iso value."
  },
  "multiscale": {
    "chamfer_distance": 73.41691802514524,
    "hausdorff_distance": 254.44804560605658,
    "volume_ratio": 334962.63038672006,
    "area_ratio": 4068.8162913325855,
    "n_vertices": 668655,
    "n_faces": 1322724,
    "gt_volume": 1.6645449925987388,
    "pred_volume": 557560.369117917,
    "gt_area": 106.10140082263074,
    "pred_area": 431707.10820032854,
    "gt_porosity": 0.43541837037037034,
    "pred_porosity": 0.43541837037037034,
    "porosity_error": 0.0,
    "porosity_ratio": 1.0,
    "success": true
  }
}