{
  "mc_basic": {
    "chamfer_distance": 75.24751314930292,
    "hausdorff_distance": 250.37747638930603,
    "volume_ratio": 702953.8948235973,
    "area_ratio": 5809.337940341302,
    "n_vertices": 736735,
    "n_faces": 1454570,
    "gt_volume": 0.8245850000820282,
    "pred_volume": 579645.237420778,
    "gt_area": 81.14379994428614,
    "pred_area": 471391.7556398059,
    "gt_porosity": 0.7040337777777778,
    "pred_porosity": 0.7040337777777778,
    "porosity_error": 0.0,
    "porosity_ratio": 1.0,
    "success": true
  },
  "mc_smooth": {
    "chamfer_distance": 77.07621961465615,
    "hausdorff_distance": 247.69382636194027,
    "volume_ratio": 435474.68504788587,
    "area_ratio": 3379.227877930119,
    "n_vertices": 416622,
    "n_faces": 821588,
    "gt_volume": 0.8245850000820282,
    "pred_volume": 359085.89320593217,
    "gt_area": 81.14379994428614,
    "pred_area": 274203.3908929162,
    "gt_porosity": 0.7040337777777778,
    "pred_porosity": 0.7040337777777778,
    "porosity_error": 0.0,
    "porosity_ratio": 1.0,
    "success": true
  },
  "mc_filled": {
    "chamfer_distance": 77.34795416690223,
    "hausdorff_distance": 246.4689087524091,
    "volume_ratio": 1255362.133462559,
    "area_ratio": 5343.035869515568,
    "n_vertices": 623100,
    "n_faces": 1247288,
    "gt_volume": 0.8245850000820282,
    "pred_volume": 1035152.7849241992,
    "gt_area": 81.14379994428614,
    "pred_area": 433554.2336911163,
    "gt_porosity": 0.7040337777777778,
    "pred_porosity": 0.7040337777777778,
    "porosity_error": 0.0,
    "porosity_ratio": 1.0,
    "success": true
  },
  "voxel_direct": {
    "chamfer_distance": 74.48233675361608,
    "hausdorff_distance": 251.19013696358508,
    "volume_ratio": 1202217.327384544,
    "area_ratio": 7058.615285155212,
    "n_vertices": 793305,
    "n_faces": 1596034,
    "gt_volume": 0.8245850000820282,
    "pred_volume": 991330.375,
    "gt_area": 81.14379994428614,
    "pred_area": 572762.8665823148,
    "gt_porosity": 0.7040337777777778,
    "pred_porosity": 0.7040337777777778,
    "porosity_error": 0.0,
    "porosity_ratio": 1.0,
    "success": true
  },
  "convex_hull": {
    "chamfer_distance": 80.16144683620512,
    "hausdorff_distance": 245.44693048686005,
    "volume_ratio": 3971725.4731295607,
    "area_ratio": 1577.49081971629,
    "n_vertices": 79,
    "n_faces": 154,
    "gt_volume": 0.8245850000820282,
    "pred_volume": 3275025.249586332,
    "gt_area": 81.14379994428614,
    "pred_area": 128003.59948900659,
    "gt_porosity": 0.7040337777777778,
    "pred_porosity": 0.7040337777777778,
    "porosity_error": 0.0,
    "porosity_ratio": 1.0,
    "success": true
  },
  "dual_contour": {
    "chamfer_distance": 82.02037688825136,
    "hausdorff_distance": 238.6047591993026,
    "volume_ratio": 287136.750316896,
    "area_ratio": 1033.6098386605418,
    "n_vertices": 133184,
    "n_faces": 258756,
    "gt_volume": 0.8245850000820282,
    "pred_volume": 236768.65728361098,
    "gt_area": 81.14379994428614,
    "pred_area": 83871.02996871687,
    "gt_porosity": 0.7040337777777778,
    "pred_porosity": 0.7040337777777778,
    "porosity_error": 0.0,
    "porosity_ratio": 1.0,
    "success": true
  },
  "multiscale": {
    "chamfer_distance": 74.18754084670687,
    "hausdorff_distance": 249.69021026681094,
    "volume_ratio": 597865.5512562259,
    "area_ratio": 4682.936833000038,
    "n_vertices": 589528,
    "n_faces": 1163102,
    "gt_volume": 0.8245850000820282,
    "pred_volume": 492990.9656316568,
    "gt_area": 81.14379994428614,
    "pred_area": 379991.289528684,
    "gt_porosity": 0.7040337777777778,
    "pred_porosity": 0.7040337777777778,
    "porosity_error": 0.0,
    "porosity_ratio": 1.0,
    "success": true
  }
}