{
    "radius": 2.1457561248319217,
    "height": 3.00405857476469,
    "theta": 91.80189490040166,
    "light_intensity": 300.0,
    "obj_path": "C:/Users/CMU Lab/Downloads/NEW_synthetic_pfibs_1025/synthetic_pfibs/synthetic_9/synthetic_volume.obj"
}