{
    "radius": 2.420576918243435,
    "height": 3.388807685540809,
    "theta": 85.38469372560303,
    "light_intensity": 300.0,
    "obj_path": "C:/Users/CMU Lab/Downloads/NEW_synthetic_pfibs_1025/synthetic_pfibs/synthetic_4/synthetic_volume.obj"
}