{
    "radius": 2.0615590537054698,
    "height": 2.8861826751876576,
    "theta": 90.53535632883766,
    "light_intensity": 300.0,
    "obj_path": "C:/Users/CMU Lab/Downloads/NEW_synthetic_pfibs_1025/synthetic_pfibs/synthetic_7/synthetic_volume.obj"
}