{
  "mc_basic": {
    "chamfer_distance": 77.07556196343774,
    "hausdorff_distance": 245.44793946138057,
    "volume_ratio": 495444.41454038804,
    "area_ratio": 5746.299680582744,
    "n_vertices": 812156,
    "n_faces": 1605728,
    "gt_volume": 0.9940839942540737,
    "pred_volume": 492513.36253718,
    "gt_area": 90.2909995106382,
    "pred_area": 518839.14164747705,
    "gt_porosity": 0.6469540740740741,
    "pred_porosity": 0.6469540740740741,
    "porosity_error": 0.0,
    "porosity_ratio": 1.0,
    "success": true
  },
  "mc_smooth": {
    "chamfer_distance": 77.7381866565517,
    "hausdorff_distance": 242.33874264151015,
    "volume_ratio": 191861.36652998434,
    "area_ratio": 3365.2483377250555,
    "n_vertices": 460776,
    "n_faces": 910116,
    "gt_volume": 0.9940839942540737,
    "pred_volume": 190726.31358317166,
    "gt_area": 90.2909995106382,
    "pred_area": 303851.636014709,
    "gt_porosity": 0.6469540740740741,
    "pred_porosity": 0.6469540740740741,
    "porosity_error": 0.0,
    "porosity_ratio": 1.0,
    "success": true
  },
  "mc_filled": {
    "chamfer_distance": 72.50204683058986,
    "hausdorff_distance": 249.56739232235176,
    "volume_ratio": 1259705.9768824587,
    "area_ratio": 5127.55503026358,
    "n_vertices": 666028,
    "n_faces": 1333300,
    "gt_volume": 0.9940839942540737,
    "pred_volume": 1252253.5490850443,
    "gt_area": 90.2909995106382,
    "pred_area": 462972.0687282994,
    "gt_porosity": 0.6469540740740741,
    "pred_porosity": 0.6469540740740741,
    "porosity_error": 0.0,
    "porosity_ratio": 1.0,
    "success": true
  },
  "voxel_direct": {
    "chamfer_distance": 77.6955857078402,
    "hausdorff_distance": 250.65757097692827,
    "volume_ratio": 1192270.6466630246,
    "area_ratio": 6976.656247325309,
    "n_vertices": 872688,
    "n_faces": 1757164,
    "gt_volume": 0.9940839942540737,
    "pred_volume": 1185217.1666666667,
    "gt_area": 90.2909995106382,
    "pred_area": 629929.2658131404,
    "gt_porosity": 0.6469540740740741,
    "pred_porosity": 0.6469540740740741,
    "porosity_error": 0.0,
    "porosity_ratio": 1.0,
    "success": true
  },
  "convex_hull": {
    "chamfer_distance": 82.55117220336128,
    "hausdorff_distance": 249.89448788738065,
    "volume_ratio": 3288604.79552439,
    "area_ratio": 1416.5554358847319,
    "n_vertices": 79,
    "n_faces": 154,
    "gt_volume": 0.9940839942540737,
    "pred_volume": 3269149.390657987,
    "gt_area": 90.2909995106382,
    "pred_area": 127902.2061682602,
    "gt_porosity": 0.6469540740740741,
    "pred_porosity": 0.6469540740740741,
    "porosity_error": 0.0,
    "porosity_ratio": 1.0,
    "success": true
  },
  "dual_contour": {
    "success": false,
    "error": "Surface level must be within volume data range."
  },
  "multiscale": {
    "chamfer_distance": 72.14599577059417,
    "hausdorff_distance": 246.32639324847145,
    "volume_ratio": 374924.1720129753,
    "area_ratio": 4649.857270692775,
    "n_vertices": 650376,
    "n_faces": 1284880,
    "gt_volume": 0.9940839942540737,
    "pred_volume": 372706.1184570599,
    "gt_area": 90.2909995106382,
    "pred_area": 419840.2605526589,
    "gt_porosity": 0.6469540740740741,
    "pred_porosity": 0.6469540740740741,
    "porosity_error": 0.0,
    "porosity_ratio": 1.0,
    "success": true
  }
}