{
  "mc_basic": {
    "chamfer_distance": 73.12455424267175,
    "hausdorff_distance": 244.49522602675185,
    "volume_ratio": 280255.2500638048,
    "area_ratio": 4903.142036677357,
    "n_vertices": 836678,
    "n_faces": 1655406,
    "gt_volume": 1.9399539760377318,
    "pred_volume": 543682.2866667269,
    "gt_area": 107.03320020113371,
    "pred_area": 524798.983226282,
    "gt_porosity": 0.3529531851851852,
    "pred_porosity": 0.3529531851851852,
    "porosity_error": 0.0,
    "porosity_ratio": 1.0,
    "success": true
  },
  "mc_smooth": {
    "chamfer_distance": 73.76461458427042,
    "hausdorff_distance": 247.30722709150038,
    "volume_ratio": 169839.04560765426,
    "area_ratio": 2667.5560763838353,
    "n_vertices": 432378,
    "n_faces": 854917,
    "gt_volume": 1.9399539760377318,
    "pred_volume": 329479.93181302253,
    "gt_area": 107.03320020113371,
    "pred_area": 285517.06357134174,
    "gt_porosity": 0.3529531851851852,
    "pred_porosity": 0.3529531851851852,
    "porosity_error": 0.0,
    "porosity_ratio": 1.0,
    "success": true
  },
  "mc_filled": {
    "chamfer_distance": 74.81185601092196,
    "hausdorff_distance": 249.78458017553857,
    "volume_ratio": 1246220.4302787038,
    "area_ratio": 3346.0200569431536,
    "n_vertices": 485072,
    "n_faces": 970724,
    "gt_volume": 1.9399539760377318,
    "pred_volume": 2417610.2787386244,
    "gt_area": 107.03320020113371,
    "pred_area": 358135.2346318054,
    "gt_porosity": 0.3529531851851852,
    "pred_porosity": 0.3529531851851852,
    "porosity_error": 0.0,
    "porosity_ratio": 1.0,
    "success": true
  },
  "voxel_direct": {
    "chamfer_distance": 72.41806634814266,
    "hausdorff_distance": 246.26163627364073,
    "volume_ratio": 1127987.9069447774,
    "area_ratio": 6430.421292904332,
    "n_vertices": 941108,
    "n_faces": 1893072,
    "gt_volume": 1.9399539760377318,
    "pred_volume": 2188244.625,
    "gt_area": 107.03320020113371,
    "pred_area": 688268.5696210625,
    "gt_porosity": 0.3529531851851852,
    "pred_porosity": 0.3529531851851852,
    "porosity_error": 0.0,
    "porosity_ratio": 1.0,
    "success": true
  },
  "convex_hull": {
    "chamfer_distance": 77.5760504750408,
    "hausdorff_distance": 246.07881430421247,
    "volume_ratio": 1673263.182644169,
    "area_ratio": 1175.1201078169786,
    "n_vertices": 97,
    "n_faces": 190,
    "gt_volume": 1.9399539760377318,
    "pred_volume": 3246053.564128105,
    "gt_area": 107.03320020113371,
    "pred_area": 125776.8657603525,
    "gt_porosity": 0.3529531851851852,
    "pred_porosity": 0.3529531851851852,
    "porosity_error": 0.0,
    "porosity_ratio": 1.0,
    "success": true
  },
  "dual_contour": {
    "success": false,
    "error": "No surface found at the given iso value."
  },
  "multiscale": {
    "chamfer_distance": 71.69115626300103,
    "hausdorff_distance": 247.5863559119613,
    "volume_ratio": 235631.3647387885,
    "area_ratio": 3761.8842444160346,
    "n_vertices": 624425,
    "n_faces": 1236312,
    "gt_volume": 1.9399539760377318,
    "pred_volume": 457114.0029042098,
    "gt_area": 107.03320020113371,
    "pred_area": 402646.509466072,
    "gt_porosity": 0.3529531851851852,
    "pred_porosity": 0.3529531851851852,
    "porosity_error": 0.0,
    "porosity_ratio": 1.0,
    "success": true
  }
}