slice,roi_fraction,porosity_otsu,porosity_ferner_style,confident_pore,confident_solid,uncertain,mean_intensity_roi_raw,mean_intensity_roi_norm
0,0.387146958304853,0.4016930439715911,0.6445714070485432,0.3990600216103221,0.3527955705901878,0.2481444077994901,116.62674289131044,142.8966522216797
1,0.3869997721576669,0.4001055022483989,0.6530553851479681,0.40007842019802864,0.34691753280166165,0.25300404700030965,117.23581754233925,143.1002655029297
2,0.38625974025974025,0.39931362937637954,0.6621683318645616,0.39917560022037474,0.33769363897943366,0.2631307608001916,117.64159019025608,143.12303161621094
3,0.3845176577808157,0.39853689868977416,0.6670111302830922,0.3983496558524052,0.33280162687953885,0.2688487172680559,117.82240609416182,143.3207244873047
4,0.38353383458646617,0.39827009558434767,0.6675363713591512,0.3980597981382141,0.33225333119471523,0.26968687066707064,117.79825702625153,143.3232879638672
5,0.3829004329004329,0.39801374549998514,0.6666281872006189,0.3978792657165809,0.3332373330159769,0.2688834012674422,118.82848591235012,143.3538360595703
6,0.3829961266803372,0.39827242603972707,0.6655835618720144,0.39813441048918186,0.3342784225774404,0.26758716693337775,118.49921057484667,143.3839874267578
7,0.3828931419457735,0.39821293196502505,0.6657114056499246,0.3980867803855716,0.3341624427706219,0.2677507768438065,119.17475683092951,143.3718719482422
8,0.3838177261335156,0.39918175255969457,0.6653472446479114,0.39908439868548523,0.3345554014778793,0.26636019983663545,118.94560292916437,143.20091247558594
9,0.3843321941216678,0.3996054146406819,0.6656766463090026,0.3993931827316737,0.3341111217819892,0.2664956954863371,118.50049026756633,143.1784210205078
10,0.38403098655730233,0.3998642548970283,0.6657419229290565,0.39971949176274035,0.33411331393665544,0.2661671943006042,118.02783367902454,143.2224578857422
11,0.38395579858737755,0.40023807517526294,0.6664787542235794,0.4001371958637109,0.3334203664648685,0.2664424376714207,119.10537496840104,143.14453125
12,0.38371610845295057,0.40061990463919056,0.6649712314370031,0.4004952111772844,0.33490407510109077,0.2646007137216248,118.5534845884819,143.1685333251953
13,0.384131692868535,0.40252343776876476,0.6645009294441011,0.4023798988584505,0.3353555316455846,0.2622645694959649,118.89906604806536,142.9828338623047
14,0.3837634996582365,0.4023254239944714,0.6644010881426412,0.4022375556450071,0.3355110435078945,0.26225140084709836,117.7890102817843,142.8828125
15,0.38299886078833445,0.40243738481435254,0.6637108547265824,0.40227914397655656,0.33613090443562155,0.2615899515878219,118.80535544104578,142.878662109375
16,0.3814107997265892,0.40122412503614074,0.6637288143693115,0.4010007096723321,0.3360477702668798,0.2629515200607881,118.40653710965034,143.0074462890625
17,0.3810025062656642,0.40098073220030855,0.664788125964287,0.4006984726890003,0.3349296145244047,0.26437191278659505,118.78218057432635,143.01148986816406
18,0.3810740487582593,0.4006077006506295,0.665342528163852,0.40044985632579067,0.3344996275113092,0.26505051616290015,118.26177285484181,143.0372772216797
19,0.3814741398951925,0.4025706418840225,0.665456999683448,0.40247268991632273,0.33444504834885236,0.2630822617348249,118.06609129840112,142.9032745361328
20,0.380723627249943,0.4013342940378074,0.6638005117905728,0.40121699872411426,0.33608219289573404,0.2627008083801517,118.18321767377061,143.02052307128906
21,0.38170426065162905,0.4005598997194532,0.6648791261266639,0.40050975944606937,0.33507073359995226,0.26441950695397837,117.95579060466783,143.01699829101562
22,0.37977762588288905,0.3974577104996028,0.664606885827348,0.39738451828725424,0.3353199219603034,0.26729555975244235,117.20077823719556,143.26541137695312
23,0.37922533606744135,0.39700676511938093,0.664119633265642,0.39690823229713657,0.3357818339121135,0.2673099337907499,117.25067230626885,143.31396484375
24,0.3789017999544315,0.3978087793144919,0.662823812387252,0.39769933854479855,0.3370667468430547,0.26523391461214674,116.89990499098016,143.3147735595703
25,0.3776094782410572,0.39693772144077694,0.6621561935838892,0.39679532355695435,0.33770140853228814,0.26550326791075757,117.70341296351718,143.40846252441406
26,0.37792663476874006,0.39836621008970774,0.6624529757885599,0.39828180765891774,0.3374626217806501,0.26425557056043214,116.5428740233433,143.2694549560547
27,0.37661608566871724,0.39600645626533604,0.6605149040997769,0.39591208057264266,0.33939072020752975,0.2646971992198276,116.98548671238645,143.51174926757812
28,0.3749961266803372,0.39509362290063904,0.658397018454812,0.3950267884592717,0.34153614710382063,0.2634370644369077,117.09156683018827,143.65048217773438
29,0.3753397129186603,0.3973191142709028,0.659823014436379,0.39725598318770694,0.34011385448042514,0.262630162331868,116.42742899877744,143.4417724609375
30,0.37440874914559125,0.39606153546565404,0.6591925904288983,0.39597755708096005,0.3407234311864077,0.2632990117326323,115.34574144394139,143.5664825439453
31,0.3715434039644566,0.39185652331753645,0.6565409786202769,0.3917142534757994,0.343316751537986,0.26496899498621457,116.34598676399887,143.9011993408203
32,0.3710157211209843,0.393025495152261,0.6569429398890191,0.39285968700334317,0.3428912519620631,0.2642490610345937,117.04373036401644,143.87252807617188
33,0.3715402141717931,0.39341505742967703,0.6584476509943643,0.3932813716892849,0.34141866326524356,0.26529996504547154,116.164592902391,143.75430297851562
34,0.37006971975393027,0.39292442723840626,0.6576938326696367,0.3927828222007147,0.3421645622926718,0.2650526155066136,115.51494240984684,143.7223663330078
35,0.3708708133971292,0.39631467201391857,0.6599064230914783,0.39613405481916164,0.33991295971376473,0.26395298546707363,115.84324516265377,143.3540802001953
36,0.3703280929596719,0.3963208377169506,0.6599186646732744,0.39625193032970957,0.34001242793948455,0.26373564173080594,114.88184721017369,143.343505859375
37,0.3700045568466621,0.39631638905138705,0.660297422950214,0.39625481080082514,0.3396409987992241,0.26410419039995076,114.80166877059023,143.32525634765625
38,0.36946001367054,0.39527245368657343,0.6599139100619157,0.39510224721872766,0.33991588347023854,0.26498186931103385,114.8961851550359,143.32017517089844
39,0.3709045340624288,0.40064008845752197,0.6619128939124025,0.4004828306407027,0.3379298482707783,0.26158732108851895,115.05136433441858,142.89125061035156
40,0.3701544771018455,0.3997001122732376,0.661538044869901,0.3995942405798814,0.3383560834367429,0.2620496759833757,115.29709074435186,142.89317321777344
41,0.3700619731146047,0.39936658125036173,0.6611505219178403,0.39924713797914296,0.338730034810941,0.262022827209916,114.72380282748082,142.898681640625
42,0.37049168375484165,0.3987004393366165,0.6616382385209164,0.3986118832437113,0.3382732053861784,0.26311491137011034,114.32913839841386,142.90335083007812
43,0.36983959899749375,0.3963637842173548,0.6616293726197091,0.39627630410059966,0.3382831472635357,0.26544054863586464,114.25453633689948,143.0595245361328
44,0.3718022328548644,0.39839445043631727,0.6623786645749583,0.3983380723600353,0.3375649573487597,0.26409697029120505,113.73668496911462,142.8987274169922
45,0.3715739348370927,0.39648818582839007,0.6614488992775494,0.39638026585105324,0.33844318074511387,0.2651765534038329,113.76955037839443,143.06976318359375
46,0.37220004556846664,0.3955739091789474,0.6625913787214142,0.3954429090357043,0.33727762113534276,0.267279469828953,113.81537060185383,143.1185302734375
47,0.37184461152882203,0.39507091186047283,0.6621830779656697,0.39497777608935153,0.33772378626320904,0.26729843764743944,113.05423565555941,143.128662109375
48,0.3719649122807018,0.3947361006129047,0.6625030473723993,0.3946184934770917,0.3373793454917877,0.26800216103112057,113.29971198502469,143.1195526123047
49,0.371511961722488,0.3953019994284193,0.6631917996572969,0.39522349907946075,0.3367296999937445,0.2680468009267947,133.28204930067227,143.12640380859375
50,0.3703987240829346,0.3946016436199006,0.661862113084986,0.3944909207224054,0.3380271640175188,0.2674819152600758,133.6956387480931,143.1370849609375
51,0.3706917293233083,0.3953420046884815,0.6613942762172043,0.3952559549492737,0.3385196740435879,0.2662243710071384,132.46614864723662,143.135986328125
52,0.371427660059239,0.3972037718163951,0.6619302218874294,0.39711543887974204,0.3379814451759175,0.26490311594434046,132.7281566142967,142.9926300048828
53,0.37133014354066984,0.3971019188007127,0.660571320580598,0.3970258343518832,0.3393525949705725,0.26362157067754427,132.69963945788604,142.993896484375
54,0.36967828662565505,0.3956332071508606,0.6581338388849923,0.39555431742513797,0.34178727138928505,0.262658411185577,134.33115688084817,143.1387939453125
55,0.37033037138300295,0.39719081076425206,0.6593658098413909,0.3971034465786462,0.34054682597300323,0.26234972744835056,134.10541288806309,142.99273681640625
56,0.3704183185235817,0.39774604709410827,0.6583419754134359,0.39770176027792437,0.34161373777038023,0.2606845019516954,133.0356951738442,142.9889678955078
57,0.3709678742310321,0.39846503269298567,0.6587977481577567,0.398387645576835,0.3411248647260926,0.2604874896970724,132.77267964559158,142.99400329589844
58,0.3705522898154477,0.39807200646353746,0.6596399061950842,0.3979773161316663,0.3402654034730446,0.2617572803952891,133.01126937923723,142.97711181640625
59,0.3653561175666439,0.39007625590253614,0.6559304741735202,0.3899914439729899,0.3439847138969335,0.26602384213007657,133.66801742136812,143.7416229248047
60,0.3704438368648895,0.39607522827666036,0.6595808541600292,0.39600388221010435,0.3403477997734147,0.2636483180164809,133.09173259002213,143.1177978515625
61,0.3707067669172932,0.3972669252971054,0.6595506419050148,0.39720423445881825,0.3403866672566981,0.26240909828448367,133.09376459713147,143.11148071289062
62,0.3676135794030531,0.39189045130452893,0.6552022490851935,0.39180244146726034,0.3447097410775379,0.2634878174552018,134.3624740928789,143.62881469726562
63,0.36882023239917977,0.39241341477879255,0.654700658284901,0.39231580872178073,0.3452017356580872,0.26248245562013206,134.26982638477048,143.62107849121094
64,0.3682200956937799,0.3915716550400404,0.6540735268093048,0.3915320539713065,0.3458868721219614,0.2625810739067321,134.11231110599599,143.6478729248047
65,0.3687500569605833,0.39219769111566416,0.655466608668573,0.3921099525222992,0.344445652738062,0.2634443947396388,135.06023563373216,143.6474609375
66,0.3698906356801094,0.3924678924512612,0.6564895746712248,0.39240629523545534,0.3434488281129693,0.2641448766515753,134.69883766053775,143.60202026367188
67,0.37406106174527226,0.40057767485262713,0.6619834640268883,0.4005118915501348,0.33795075267061936,0.26153735577924586,134.50071691617623,142.93467712402344
68,0.3740656185919344,0.40025850086552717,0.6642668235701138,0.4001512997525847,0.33562597531694377,0.26422272493047155,133.5741143421689,142.93588256835938
69,0.3756131237183869,0.3905685304682979,0.668593189474974,0.39052485614770654,0.33136313620443464,0.2781120076478588,133.9540679596692,142.7016143798828
70,0.3752740943267259,0.39076959318259363,0.6704527654428023,0.3907210223195258,0.32949866369412983,0.2797803139863443,133.84412031488492,142.69981384277344
71,0.3748471177944862,0.39076856122401843,0.6711471647285079,0.39072844461841816,0.3288127186658919,0.28045883671569,133.6983535172538,142.7021484375
72,0.3734308498519025,0.38765750572914504,0.668063463551899,0.3875989330001196,0.3318779637190754,0.280523103280805,133.81691629224864,143.04788208007812
73,0.3722583732057416,0.3998562896534671,0.6648953815607629,0.39980120476765807,0.33504953355342804,0.2651492616789139,133.64734656105057,143.07212829589844
74,0.37181134654818865,0.3996188445228816,0.6625278819521043,0.3995734980513273,0.3374267715763414,0.2629997303723313,133.18466186239183,143.0841522216797
75,0.3713360674413306,0.39752876743932053,0.6607239933390355,0.3975091330560795,0.33925637227772343,0.2632344946661971,132.9318453743234,143.26837158203125
76,0.3711455912508544,0.3983233453532872,0.6610520344907603,0.39829265088479876,0.3389172710407512,0.26279007807445004,132.77638588594672,143.08157348632812
77,0.3705559352927774,0.39944785012020634,0.6612148527087932,0.399350701254942,0.33868799842594244,0.2619613003191156,132.42450610869605,143.06996154785156
78,0.37059512417407153,0.39989622155468474,0.6611412432018355,0.3998421190476483,0.33880465429112805,0.2613532266612236,131.92219690607436,143.0680694580078
79,0.3713014354066986,0.39764684513531195,0.66193188442615,0.3975781183842832,0.3379993888228212,0.2644224927928956,132.25958830221606,143.19557189941406
80,0.3701840966051492,0.39635805896089094,0.6615232732908322,0.39633343960687817,0.33845210735515513,0.26521445303796676,132.749568238079,143.35134887695312
81,0.36991843244474826,0.3957249817070016,0.662592111714171,0.3957028083756064,0.3373857149544338,0.2669114766699598,132.63796985905154,143.37850952148438
82,0.3703536113009797,0.39683613845001053,0.6657557573691988,0.3968115303645319,0.33421963454532255,0.2689688350901456,131.97446788091162,143.23643493652344
83,0.37011027568922306,0.3851936759963901,0.6693527635196447,0.3851542771731837,0.33060783765714896,0.28423788516966736,132.11428983005564,143.15780639648438
84,0.3709997721576669,0.386867921376537,0.6719510562433136,0.3868015952657896,0.32798261764593895,0.28521578708827144,131.81596101007298,143.01913452148438
85,0.36995215311004787,0.38828738945138325,0.6709728278274579,0.38825536422535906,0.3289951469465179,0.28274948882812306,132.07530978247482,142.97674560546875
86,0.3683198906356801,0.39775423802206666,0.6671417507342771,0.39768124333459526,0.33278525457825153,0.2695335020871532,131.87927792170515,143.17710876464844
87,0.36719161540214174,0.3958987443565541,0.6642065916937412,0.3958590323677529,0.33575369631745766,0.2683872713147895,132.08182655292492,143.38644409179688
88,0.36701070858965595,0.3967805017351519,0.6644967438742,0.39676063595334027,0.33548339034398844,0.26775597370267135,131.86663231541894,143.26248168945312
89,0.36659512417407153,0.3967654162310921,0.6656502915500818,0.39674552792877005,0.33432982014759605,0.2689246519236339,132.11809301013184,143.27468872070312
90,0.3639917976760082,0.3938280878339468,0.6637747565036681,0.3937892786499412,0.3361864343123263,0.27002428703773257,131.53049650717344,143.4481658935547
91,0.3641348826611985,0.3965641088532763,0.6648454374579211,0.39654658901205614,0.3351370427008587,0.2683163682870851,131.52338022810832,143.29454040527344
92,0.36410480747322854,0.3963540701952873,0.6653146072478061,0.39632778826273923,0.3346591108196459,0.2690131009176149,131.23833332498987,143.30810546875
93,0.36276919571656413,0.39610248499868733,0.6650709649703491,0.3960434469668897,0.3348699969978533,0.269086556035257,131.25142664775774,143.31642150878906
94,0.36223376623376624,0.3970238589446512,0.6641142149795829,0.39698360342272576,0.33584552949849167,0.26717086707878257,131.1281018766621,143.29061889648438
95,0.36232535885167466,0.3983270512864047,0.6638344004638276,0.3982855482736633,0.33612409652343095,0.2655903552029057,132.26229275219055,143.25323486328125
96,0.36280200501253135,0.39711166850254154,0.6640160568924437,0.39707901211928626,0.335951286724301,0.2669697011564128,131.12459415023696,143.24693298339844
97,0.363004329004329,0.3985812433389864,0.6655552947290592,0.3985561370452152,0.3344195989771696,0.26702426397761525,131.41552297037583,143.1829376220703
98,0.36430075187969924,0.39960072949423237,0.6666766734462598,0.39958947186719,0.33331206892669785,0.26709845920611214,131.89987091254324,142.98431396484375
99,0.3653365231259968,0.3995230320394247,0.6657569683597117,0.3994843657037086,0.33420436530457226,0.26631126899171914,132.42382045848296,142.9781036376953
100,0.36482296650717705,0.40042143181897666,0.6654438399008749,0.40038645822404084,0.3345211865041893,0.26509235527176983,132.83416020904218,142.97897338867188
101,0.36460287081339715,0.40021946680564563,0.6653218700671524,0.4001682245560359,0.3346268876832379,0.2652048877607262,132.32436468984065,142.9819793701172
102,0.3646730462519936,0.40002374183874295,0.6656486832651276,0.39997125987941645,0.3342988347755459,0.26572990534503765,131.84758989097497,142.9850616455078
103,0.36459147869674186,0.40013573371195454,0.6650726912770467,0.4001144862616486,0.33490606127264727,0.2649794524657041,133.99782901051873,143.01901245117188
104,0.36776076555023923,0.3982524028840804,0.6659207410684083,0.3982313385399436,0.33405819458745484,0.2677104668726016,134.51904774295554,143.22940063476562
105,0.3678965595807701,0.3967899879729832,0.6644462308122014,0.3967453975913762,0.33550917880619163,0.26774542360243214,132.766979336074,143.3881072998047
106,0.36965686944634313,0.4006350990863054,0.6662167226323082,0.40061167734205116,0.3337598556234375,0.2656284670345113,131.6425730881693,142.92457580566406
107,0.36892503987240827,0.4011222742914455,0.6658918041615304,0.40110621709819344,0.33409213864521753,0.26480164425658903,132.88675973251188,142.92298889160156
108,0.36906402369560265,0.4025195360971761,0.6661497374402866,0.40251212787577895,0.3338428543383162,0.2636450177859049,132.89153005700626,142.76022338867188
109,0.3691547049441786,0.40148992112182297,0.6661280566836603,0.40146893631729025,0.333850958511807,0.26468010517090274,133.79297749688314,142.75828552246094
110,0.3697297789929369,0.40226431279363845,0.6657513446359993,0.40222857086515185,0.3342129134355142,0.263558515699334,133.2832104139655,142.7592010498047
111,0.37058145363408523,0.40271580011337355,0.6650439414638465,0.402685058918574,0.3349253173413539,0.26238962374007213,133.38233438796127,142.7594757080078
112,0.3702273866484393,0.40261845447921385,0.6648023789361744,0.40259629965143073,0.33517546623604244,0.2622282341125268,132.2005762716871,142.76461791992188
113,0.3694390521758943,0.40196044571955786,0.6638354873485015,0.401934543265732,0.3361386101976727,0.26192684653659526,131.98833156127657,142.8959197998047
114,0.3708024606971975,0.4036690483037288,0.6644349572214726,0.40365553023990874,0.3355515247147074,0.2607929450453838,132.2084878693811,142.7647247314453
115,0.3705477329687856,0.4045183830627657,0.6648117791302401,0.40448517955106394,0.3351550173580581,0.26035980309087803,133.53368742214084,142.76046752929688
116,0.3701936659831397,0.40342692549145115,0.663439973411785,0.403410923325004,0.3365440244217679,0.2600450522532281,133.43103804822806,142.8954620361328
117,0.37095739348370926,0.4027105910331595,0.6634081266138127,0.40267865259082186,0.3365599349438498,0.26076141246532836,133.72087029798567,142.8908233642578
118,0.3708302574618364,0.40245789131554077,0.6634782811718546,0.4024333148600309,0.3364971423726356,0.26106954276733346,133.82907566722005,142.94631958007812
119,0.3724684438368649,0.4043910925369044,0.6643894776249049,0.4043494963187347,0.3355689261569254,0.2600815775243399,134.09842399269863,142.7637481689453
120,0.3718108908635224,0.40150427911890474,0.6635312198583473,0.4014662860826606,0.33643078710540864,0.2621029268119308,134.29666433397594,142.9395751953125
121,0.3729314194577352,0.40247898944034566,0.6647780175415874,0.4024386667611602,0.3351816597792272,0.26237967345961255,134.2718066270934,142.7625274658203
122,0.37057871952608795,0.40171660098249584,0.6638487030194224,0.4016661850510615,0.33610088104914326,0.26223293389979524,134.3873972467983,142.90052795410156
123,0.37130234677603097,0.4020333250288713,0.6645111883194265,0.4019965072169048,0.335451993868607,0.2625514989144882,134.90569362916855,142.89495849609375
124,0.3718095238095238,0.40287718644599574,0.6660338555965174,0.40284899796062434,0.3339379559181112,0.2632130461212644,134.83884765471802,142.7628173828125
125,0.371304625199362,0.4010736008090051,0.6655748206983559,0.4010097836598644,0.33436136215250334,0.2646288541876322,135.2837175452979,142.89425659179688
126,0.37305172020961497,0.4033862570877847,0.6651450781885565,0.40333983988508076,0.3348085046087396,0.2618516555061796,135.02136657130782,142.7596893310547
127,0.37209888357256776,0.40168827940252594,0.6642067866725613,0.40163194627288995,0.3357368801978028,0.2626311735293073,135.12165996588172,142.94090270996094
128,0.37234723171565276,0.4011241977883189,0.6633048428864445,0.40110094527582374,0.33667190460106033,0.2622271501231159,135.09764831431522,142.95623779296875
129,0.3732257917521075,0.4003972924531527,0.6607593731228115,0.40036188531995837,0.3392052197439942,0.2604328949360474,135.50142727374842,143.1033477783203
130,0.3740054682159945,0.4010088272383354,0.6619478407076411,0.4009905513825685,0.3380338834365919,0.2609755651808396,135.3209374295618,142.9884796142578
131,0.3742834358623832,0.40180431355122265,0.6615146737443158,0.4017823988117341,0.3384634115161956,0.25975418967207026,135.79754067923517,142.9737548828125
132,0.3742697653223969,0.40148416906621537,0.6603103483962086,0.40145494834628986,0.3396604308838659,0.2588846207698442,135.8832133051678,142.97561645507812
133,0.3748188653451811,0.40139202956695114,0.6601210883361296,0.4013701461327109,0.33985702822963015,0.25877282563765897,135.94401731222797,142.97067260742188
134,0.37422647527910685,0.3999549461789489,0.6585943207832059,0.39994520481223517,0.3413959378500804,0.25865885733768446,135.65070016073255,143.150146484375
135,0.37632444748234223,0.4009716120720136,0.6606235560226871,0.40092923118651946,0.3393340630918188,0.25973670572166174,136.08928078426433,142.9727783203125
136,0.376408293460925,0.40045736948384314,0.6612342438755102,0.4004162086515227,0.33872459529216925,0.26085919605630803,136.40370302217357,143.0738983154297
137,0.3771907040328093,0.4008347981564371,0.6618584225818338,0.4008082199228023,0.3381149991845315,0.2610767808926662,136.2638662873228,143.1092071533203
138,0.3775311004784689,0.4006991015000748,0.6620739850233919,0.40064237192392926,0.3378692854004625,0.2614883426756082,136.17459673720447,143.14544677734375
139,0.378058327637275,0.40123473902819146,0.6623499817392656,0.4012009898161753,0.3376162690487182,0.26118274113510653,136.1536758315866,143.10548400878906
140,0.3786971975393028,0.40069021034810137,0.6626428462272472,0.400651704889351,0.3373186483140024,0.26202964679664664,136.4543920890535,143.05831909179688
141,0.380248348143085,0.4014152950129126,0.6633707030337166,0.401348185342529,0.3365621872958997,0.2620896273615713,136.19831986146647,142.94444274902344
142,0.38052813852813855,0.4016997397819821,0.6642025988271628,0.40166261710110185,0.33576027849195694,0.2625771044069412,136.1908369248529,142.93280029296875
143,0.3805244930508088,0.40031087549292804,0.6644819959260462,0.4002509996275721,0.33545812820859794,0.26429087216382996,137.26256524972428,143.06935119628906
144,0.38326725905673276,0.4028166167308698,0.6668616540638227,0.40277143672421173,0.3330931659295192,0.26413539734626906,136.44214224568412,142.75424194335938
145,0.38228525860104806,0.4019870667818935,0.6662872128020979,0.40195726674017346,0.333682987156182,0.26435974610364454,136.9167136513991,142.90391540527344
146,0.38205559352927776,0.40047661019941055,0.6649869218447534,0.400446792243992,0.334983260199828,0.26456994755618,136.75936790705384,143.0609893798828
147,0.3842519936204147,0.4014712282728188,0.6668093700377472,0.40145581156513976,0.3331752132545737,0.2653689751802865,137.66089291199077,142.93984985351562
148,0.3841572112098428,0.3991955237813941,0.6660284947327092,0.3991848480427219,0.33396082952861866,0.26685432242865936,137.58787615668663,143.0777130126953
149,0.3856468443836865,0.3993373523872093,0.6665811967831814,0.39930308565972905,0.3333845364893383,0.26731237785093265,137.84411356702455,143.11778259277344
150,0.3869756208703577,0.3974020805022974,0.6665167247985794,0.3973855947471674,0.3334667894462906,0.269147615806542,138.1916622115876,143.1732635498047
151,0.38689086352244245,0.39805331247821046,0.6667381205890944,0.3980203337447823,0.3332289006774774,0.2687507655777403,138.60626454597707,143.18801879882812
152,0.38817543859649123,0.40010283488544357,0.6676378850291894,0.400071139201574,0.332330419286941,0.267598441511485,138.5040646779777,143.06324768066406
153,0.38881658692185006,0.4000056254966259,0.6673374290074046,0.3999692941642504,0.33262623966022,0.26740446617552954,138.8479369663103,143.06759643554688
154,0.38862155388471176,0.39956028751333794,0.6663121606885312,0.3995086945815696,0.3336362463797005,0.26685505903872986,138.92812283808027,143.07208251953125
155,0.389095010252905,0.40031082051228,0.6660752410498566,0.4002838842960688,0.33389782273393226,0.2658182929699989,139.13782324923378,143.04248046875
156,0.3895511506037822,0.4004597190216056,0.666091920408951,0.40043632365154935,0.33388468422099266,0.265678992127458,139.23535859253454,143.04518127441406
157,0.3883773069036227,0.3982346467298843,0.6650768396820815,0.3981912344801207,0.3348797480681549,0.2669290174517244,139.56317655644648,143.24008178710938
158,0.389775347459558,0.39964365964351933,0.6653568898314398,0.3996237850173377,0.33462323554237855,0.26575297944028375,139.33838070898636,143.0745391845703
159,0.3908147641831852,0.39960682941503634,0.6650599375264533,0.39957184982562677,0.3349050828841371,0.26552306729023617,139.7846808054167,143.0748291015625
160,0.39115516062884487,0.3998881627232377,0.6650438611819802,0.3998485536877177,0.3349165297824998,0.2652349165297825,139.51456564032665,143.0325927734375
161,0.39130918204602416,0.4003572726171733,0.6646551643826684,0.4003200081981722,0.33530757119833055,0.26437242060349725,139.76625194473687,143.02783203125
162,0.3923741171109592,0.40040298932136364,0.6647372730281687,0.40036582604100734,0.3352255636914751,0.26440861026751755,139.97064216987104,143.02285766601562
163,0.39234951013898384,0.40035377016089224,0.6644897684233999,0.40031892740046293,0.3354753888161708,0.2642056837833663,140.3100111380691,143.05711364746094
164,0.393302346776031,0.4001184101068008,0.6652145401122926,0.40008017592358724,0.3347472257044938,0.265172598371919,140.3741666685977,143.01846313476562
165,0.39437593984962405,0.3991239320683384,0.6655227636696408,0.399083491053292,0.33443679531531284,0.26647971363139517,139.8882060134634,143.0561065673828
166,0.3953474595579859,0.4012114016989592,0.6666789612605032,0.40117106006293296,0.3332806971034705,0.2655482428335965,140.32288408119044,142.9060516357422
167,0.3949788106630212,0.39848243097160646,0.667192751110142,0.3984385906013168,0.33276340851956837,0.2687980008791148,140.62186757670045,143.01451110839844
168,0.39591478696741855,0.4000115096652414,0.6674305247831867,0.39998043356908963,0.3325383991206616,0.2674811673102488,140.5479222176823,142.90260314941406
169,0.39604237867395764,0.39914855916650843,0.6664906255213637,0.39909563176334545,0.33345644707547334,0.2674479211611812,140.12484768989145,142.90415954589844
170,0.39495238095238094,0.39739686151169407,0.663605327192194,0.3973772474019958,0.3363750586981077,0.2662476938998965,140.04902373653405,143.16421508789062
171,0.3969756208703577,0.3986567381764377,0.6632375341927974,0.3986280409062368,0.3367337685370017,0.26463819055676147,139.94835983621894,143.05557250976562
172,0.3965850991114149,0.3985138560460344,0.6624325237330319,0.39849776974995,0.3375513899708838,0.26395084027916615,139.95196631989208,143.067138671875
173,0.3958705855547961,0.39633353208907635,0.6617887095994419,0.3963013014280485,0.3381790597395302,0.2655196388324213,139.97717608761215,143.22439575195312
174,0.39654135338345864,0.3963215775502465,0.6621941830132957,0.39629859459211,0.3377828340285678,0.26591857137932223,140.23746222176257,143.2262725830078
175,0.39561995898838004,0.39498242316180365,0.6610745598879505,0.39495017208254435,0.33889318903279014,0.2661566388846655,140.2601107133478,143.43624877929688
176,0.3970403280929597,0.3952909715885941,0.6610739063818066,0.3952749037363495,0.33891002576594875,0.2658150704977017,140.0506011098295,143.40309143066406
177,0.39922670312144,0.3962022730204097,0.6618125950944124,0.39617830323603503,0.33816343512121294,0.265658261642752,140.16897099998516,143.23031616210938
178,0.3992800182273866,0.39395699710118465,0.6611159297893223,0.3939307479856657,0.3388578210951588,0.26721143091917554,140.58272808198853,143.4149932861328
179,0.40175894281157437,0.3955334255835583,0.6622201302089241,0.39549145929269786,0.3377379035002155,0.26677063720708666,140.5148050268811,143.2937469482422
180,0.40307177033492825,0.3957408418603547,0.6612175128117295,0.3956978817262286,0.33873952705414445,0.2655625912196269,140.12996910261933,143.28453063964844
181,0.4032727272727273,0.3966408356328151,0.6595942064358371,0.39660015683934813,0.3403651147706959,0.26303472838995595,140.3091509205837,143.27291870117188
182,0.4030262018683071,0.395061965693585,0.657057960904119,0.395042744513201,0.3429228179154969,0.2620344375713021,140.47664456984694,143.4247283935547
183,0.4040524037366143,0.39587433305552205,0.6555414331679623,0.3958495217623236,0.34443375553883926,0.25971672269883717,140.70696171053567,143.4062957763672
184,0.40396536796536797,0.3961186776792382,0.6551931072913542,0.3961062693597984,0.3447944843892061,0.2590992462509955,140.63815084455535,143.3979949951172
185,0.405494645705172,0.3986209035598938,0.6570891085993495,0.3985984280638034,0.34288841590456004,0.2585131560316365,140.5438373313495,143.20602416992188
186,0.40559489633173845,0.4000267392295956,0.657500803300385,0.3999919108212988,0.34246436829131827,0.2575437208873829,140.34491134484844,143.0447235107422
187,0.40630439735702895,0.40179782085718935,0.659357248201338,0.4017664178727843,0.340611348814257,0.2576222333129588,139.80572207237267,142.9140625
188,0.40637457279562544,0.40130120465715546,0.6603221165544765,0.401289991242323,0.3396666700306911,0.2590433387269859,139.68899145425655,142.9146270751953
189,0.4065021645021645,0.40009349052595705,0.6608984282605942,0.40008003865171865,0.3390881198651674,0.260831841483114,140.3501433185101,143.05029296875
190,0.4055379357484621,0.40053014035572665,0.6607214088833905,0.4004986780200752,0.3392471287809581,0.2602541931989667,141.1459256837159,143.0496063232422
191,0.40556117566643884,0.40108134345463614,0.6611307364910719,0.40106448959779956,0.33885240965209146,0.260083100750109,141.47030238066347,143.0464630126953
192,0.40490225563909776,0.3992086054033614,0.6599276580707168,0.3991849716056802,0.340048708131602,0.2607663202627178,141.5136479554514,143.1819610595703
193,0.40509409888357256,0.3989711792966988,0.6600695854457754,0.3989295585160054,0.3398887937735312,0.26118164771046337,141.20620959550226,143.19911193847656
194,0.40373524720893145,0.3972056338791215,0.6587392508101043,0.39717967442327684,0.341234789734051,0.26158553584267213,140.40943140890997,143.4152374267578
195,0.4042114376851219,0.39708266350409566,0.65877602187946,0.3970657533690626,0.3412070679855069,0.26172717864543055,140.59855001228803,143.39508056640625
196,0.4043941672362725,0.3962699576198133,0.6595116531427934,0.396253055125794,0.34047144436318727,0.2632755005110187,140.25754893553727,143.41552734375
197,0.4046179084073821,0.3958638817749968,0.6598497185601633,0.39584811483736404,0.340134514502204,0.26401737066043196,140.488697358137,143.40223693847656
198,0.40575301891091364,0.3967813122946907,0.6602296656091192,0.39676446640649127,0.3397534885026813,0.2634820450908274,140.31888592526042,143.31935119628906
199,0.4055566188197767,0.3969655975208822,0.6594201758663542,0.3969487434746751,0.3405629700874388,0.2624882864378861,140.15485722375655,143.33566284179688
200,0.40594805194805195,0.39698019763081,0.6592591594797346,0.3969532571591497,0.3407139000486051,0.26233284279224517,140.5374725123,143.341552734375
201,0.40576896787423106,0.39687689508793206,0.6587078588594659,0.3968342205152393,0.34124946656784133,0.26191631291691936,141.23079756530333,143.31570434570312
202,0.405185691501481,0.39667783800805234,0.6587934951303448,0.39666659169122115,0.34119525855282395,0.26213814975595495,140.8714377291437,143.30152893066406
203,0.404838004101162,0.39569931687484594,0.6587255759401273,0.39568693530177834,0.3412620424868052,0.26305102221141646,140.57911206111544,143.31295776367188
204,0.4044597858282069,0.393894908330113,0.657742846616726,0.3938701220274745,0.3422323670806355,0.26389751089189,140.8718029894534,143.54495239257812
205,0.403792663476874,0.3951279901322954,0.6569641009205268,0.39508849222963405,0.3429964011768118,0.26191510659355416,141.23640623254335,143.5268096923828
206,0.4051492367281841,0.3958778540096727,0.6585715892475537,0.3958418625576426,0.34139241930041614,0.2627657181419413,140.99103475424587,143.36160278320312
207,0.40507678286625654,0.394098145996191,0.6597963194407728,0.39407002264492247,0.34017555720795867,0.26575442014711886,141.55286571324757,143.61671447753906
208,0.40604329004329004,0.3839654255259454,0.6630212039117368,0.38394298039867036,0.33695635096098814,0.2791006686403415,141.9650922158054,143.3513641357422
209,0.4051282752335384,0.38280014487308983,0.6642622382892378,0.3827709003052683,0.3357085171429407,0.281520582551791,142.27514301718455,143.4948272705078
210,0.4058323080428344,0.382540290299001,0.6658327709777352,0.3825301847408317,0.33415712346409554,0.28331269179507274,142.7509743442335,143.49591064453125
211,0.40612166780587833,0.38378360789646715,0.6666509581097669,0.3837656552600103,0.33333108925377625,0.2829032554862135,143.2001079402267,143.38877868652344
212,0.4045923900660743,0.38219552686292485,0.6653008634069095,0.38218426405429573,0.33468787378446135,0.28312786216124286,143.10101613059453,143.53976440429688
213,0.40619776714513556,0.3840426474729106,0.6645135017797826,0.3840157235632448,0.33545957431055157,0.28052470212620356,143.3628580178842,143.4005889892578
214,0.40612303485987694,0.3969797034907662,0.6611181986385215,0.396951652590725,0.3388537504614373,0.26419459694783765,142.6831078601988,143.2949981689453
215,0.4047669172932331,0.39583635890802366,0.6580712200580685,0.3957868239177449,0.3418792449516527,0.2623339311306024,143.0601050817271,143.46713256835938
216,0.405593984962406,0.3966369163981503,0.658404450855882,0.3966110759081247,0.3415697086540925,0.26181921543778286,143.35619992000684,143.3114776611328
217,0.40499840510366825,0.3974339789079052,0.6579729941075803,0.3973833470789373,0.3419763740634518,0.26064027885761093,143.68314151371166,143.30764770507812
218,0.40441239462292095,0.3967028100819959,0.6571799121785995,0.396690415478381,0.3428076932177856,0.26050189130383344,143.8026869247073,143.4438934326172
219,0.4044192298929141,0.39634793543196717,0.6564330285814729,0.39631751282819794,0.34353654881475787,0.2601459383570442,144.05761027067103,143.60372924804688
220,0.4046762360446571,0.3978201972384811,0.6567142834621907,0.39779880233587295,0.34326432163520115,0.2589368760289259,143.94995844884704,143.42822265625
221,0.4053934837092732,0.3998152053199286,0.6574711455022054,0.39977136716589706,0.34248501634376305,0.2577436164903399,143.85914688704145,143.27113342285156
222,0.40502939166097063,0.39892803742418464,0.6576053877145078,0.39889428545391337,0.3423608603152209,0.25874485423086574,143.43138730723405,143.39205932617188
223,0.40503485987696514,0.3997023116412349,0.658339042964553,0.3996505593188494,0.3416092047130615,0.2587402359680891,143.2829243212289,143.38442993164062
224,0.4048225108225108,0.4000448004970829,0.6585954481344195,0.4000357953720411,0.34139554674053874,0.2585686578874202,143.14737675079328,143.35313415527344
225,0.4059375712007291,0.40026043128318534,0.6592705678973542,0.4002278773727872,0.3406968781922477,0.25907524443496516,143.3224543403343,143.3376007080078
226,0.40714695830485303,0.4023105058400598,0.6602345425323789,0.40230267134050524,0.33975762296806655,0.25793970569142816,142.8947434984846,143.19593811035156
227,0.40710959216222375,0.40081956386934436,0.6600544883490299,0.40077591050837136,0.33990185828999714,0.2593222312016315,143.14860163733684,143.30731201171875
228,0.4076805650489861,0.400587936131805,0.6598901252438091,0.4005599923993048,0.3400819310236907,0.25935807657700455,142.98250834120415,143.30035400390625
229,0.40843062200956937,0.4006209967410502,0.660730044929103,0.4005986828085654,0.3392476411384122,0.26015367605302236,142.31646623176812,143.29432678222656
230,0.4092900432900433,0.4009933343501966,0.6608612683104966,0.4009632737948779,0.33910867113418475,0.25992805507093736,142.73471893937455,143.281494140625
231,0.41029619503303716,0.40064527235268965,0.6598914920673704,0.40063083424497026,0.3400940698249102,0.25927509593011955,142.67493377906362,143.28359985351562
232,0.41128594212804737,0.4011126043828325,0.6593959229619518,0.40110484872591173,0.3405963213811274,0.2582988298929609,143.25743795197477,143.23431396484375
233,0.4121745272271588,0.4011975452092111,0.6594149142581068,0.4011853840226331,0.3405729245553152,0.2582416914220518,142.92803341451847,143.23838806152344
234,0.4140296195033037,0.40094960532166396,0.6603961311397465,0.40092098949138666,0.3395752530299762,0.2595037574786372,143.12774326757562,143.22320556640625
235,0.41206470722260197,0.39928517399555,0.6594667999593045,0.3992553158548939,0.3405033419000394,0.2602413422450668,142.78196479835802,143.3675537109375
236,0.41230986557302346,0.39918148923425145,0.6596107045204871,0.39915164884716636,0.3403594550924278,0.26048889606040576,143.19105252571248,143.38671875
237,0.41198724082934607,0.39767239682072675,0.6592833141246712,0.3976569119107715,0.34070120096537354,0.26164188712385494,143.545681590433,143.5759735107422
238,0.41263385737069946,0.3995936059192181,0.6596383313547389,0.3995825626018056,0.3403506253278485,0.26006681207034593,141.95342591314432,143.42440795898438
239,0.41276555023923445,0.39980945315484195,0.6601565001203338,0.3997807496903338,0.3398147964151581,0.26040445389450817,142.42419635819275,143.4310302734375
240,0.41241376167691957,0.3987682339604129,0.6595583409388736,0.3987472404595588,0.34042066556027234,0.2608320939801689,141.9415397296479,143.41941833496094
241,0.41282752335383915,0.39857276891660687,0.6599746122854462,0.39854296594734806,0.339995584745295,0.26146144930735693,142.11591809702523,143.41958618164062
242,0.41305718842560946,0.39790656779053324,0.6600445251496491,0.39789332939123223,0.33994223645104993,0.2621644341577179,141.9246514439784,143.55152893066406
243,0.4126092503987241,0.39680784917462847,0.6594766701528818,0.3967968051986204,0.34051228587111015,0.2626909089302694,141.51374146714804,143.69171142578125
244,0.41312052859421283,0.3977043723037791,0.6600481142033967,0.3976900329034087,0.3399375463962329,0.2623724207003584,141.33533239281573,143.56639099121094
245,0.4134955570745044,0.39774039690726193,0.6608909254410326,0.39771945833002725,0.33908813598173276,0.26319240568824004,141.706265924339,143.55691528320312
246,0.41369423558897245,0.39745905720315644,0.6607839163211625,0.39743041817388736,0.33918744464956846,0.2633821371765442,142.15331023118307,143.55372619628906
247,0.4143568010936432,0.3989636052110071,0.6615638739874146,0.3989427101547774,0.33841523095635573,0.2626420588888669,141.47416711206128,143.38699340820312
248,0.41348644338118024,0.3989140353274645,0.6610906373843394,0.3988986065620743,0.33889393385027045,0.26220745958765523,141.3271614598257,143.39794921875
249,0.4123103212576897,0.3989555876063063,0.6603405115962931,0.3989345888386024,0.33963848963600296,0.2614269215253947,141.55100545415362,143.3777618408203
250,0.41345408976987924,0.4001796489681206,0.6610784448791778,0.4001554018681288,0.33889730802083046,0.2609472901110407,140.68998098806932,143.2764892578125
251,0.4138195488721805,0.40002224358487304,0.6607500933239514,0.4000035237362175,0.33923118682739306,0.2607652894363894,141.06904430767943,143.2583465576172
252,0.414298017771702,0.3989311212228202,0.6603598639208867,0.3989157226810621,0.3396247375373552,0.2614595397815827,141.43993523813296,143.3568878173828
253,0.41415174299384827,0.40067733502337005,0.6599263249623702,0.4006564296214142,0.3400527696356739,0.25929080074291194,140.90435338491466,143.2469940185547
254,0.4134805194805195,0.3989010153375146,0.6593356939682582,0.39886244287142253,0.3406257335656498,0.2605118235629277,141.54581692625936,143.3515625
255,0.41415128730918205,0.39963580549152505,0.6594319225839105,0.39962370235076,0.34055597427532447,0.25982032337391553,141.7183742181096,143.34024047851562
256,0.4182866256550467,0.4017506781562864,0.6609643436863377,0.40172126414868237,0.3390062423060582,0.25927249354525944,141.84960073208197,143.1860809326172
257,0.4187272727272727,0.4011200384809179,0.6608368511378315,0.4010993615171232,0.3391424718983738,0.25975816658450296,142.18236973240744,143.168212890625
258,0.4197552973342447,0.40175302039943417,0.6613581022913675,0.40173347967167233,0.33862235698087073,0.25964416334745694,142.37751274761087,143.1643829345703
259,0.4201057188425609,0.40194289755532464,0.6630571783730077,0.4019190343651632,0.3369189584368309,0.2611620071980059,142.10454572078766,143.1555633544922
260,0.42117748917748915,0.40092764699645345,0.6665826367505739,0.40089627101919995,0.33338598727217256,0.26571774170862755,142.34316339094252,143.1680450439453
261,0.4225427204374573,0.3911406602176281,0.6700637354815749,0.39111693465765096,0.3299125389584479,0.27897052638390113,142.5761709103066,143.10792541503906
262,0.42381863750284804,0.393108045630974,0.6717806186631113,0.3931015945036395,0.3282129302095541,0.2786854752868064,143.18526885073166,143.0093536376953
263,0.424622009569378,0.39283970411007124,0.6727235459572691,0.3928203873440842,0.32725713727674377,0.27992247537917203,143.59956451424236,143.00872802734375
264,0.426946001367054,0.39479130311345634,0.6736500902412446,0.3947816973038627,0.3263403039491618,0.2788779987469755,143.21066607751035,142.86634826660156
265,0.4275894281157439,0.3946341697350122,0.6739504126946911,0.39462457838002013,0.3260399959503168,0.2793354256696631,143.4152896855634,142.86888122558594
266,0.42796035543403965,0.3941707421214086,0.6732459572873177,0.3941590295147041,0.3267423301059778,0.2790986403793181,143.18964094471755,142.875732421875
267,0.42851993620414675,0.3951192434604051,0.6729878230983627,0.39510435597259425,0.32699728941382644,0.2778983546135793,143.09389432223117,142.8793487548828
268,0.4288717247664616,0.39471651442529904,0.6731126196530023,0.39471226434640694,0.3268831302681056,0.27840460538548745,142.97919373878378,142.8759002685547
269,0.43064205969469127,0.3965667207029514,0.6748066756680112,0.3965455576671562,0.32517216129619364,0.27828228103665015,143.50022432817943,142.68455505371094
270,0.42839917976760084,0.3931819487258037,0.6727052446384618,0.3931628022745984,0.3272756089103329,0.2795615888150687,143.86968287094655,143.08087158203125
271,0.43154932786511735,0.397043403886868,0.6753118944917559,0.39702122941601947,0.32466593103739566,0.27831283954658487,143.1772711673803,142.6848602294922
272,0.42897425381635906,0.39364276427047834,0.6730186618850543,0.39364063973893754,0.32697921358340487,0.2793801466776576,143.56680483203453,143.0204315185547
273,0.43132102984734566,0.3952071452266902,0.6742937918764672,0.39518918496324484,0.32568824786008743,0.2791225671766677,143.49236266209138,142.82028198242188
274,0.43095146958304853,0.3959045090370013,0.6742428808435451,0.3958928777242385,0.32574548784369206,0.27836163443206946,142.76790878513054,142.82261657714844
275,0.43093552061973117,0.3957415130571605,0.672523073148861,0.39571930700188646,0.327454720795865,0.2768259722022485,142.91181658221316,142.8279266357422
276,0.4283549783549784,0.4018946304619558,0.6672205526448765,0.40187016302757905,0.33275497992074676,0.2653748570516742,143.2400829765166,143.2328643798828
277,0.4276987924356345,0.40131581050197906,0.6645727344886185,0.4013008944315113,0.3354123494409137,0.263286756127575,143.0231476104988,143.20362854003906
278,0.4294180906812486,0.4026229946580811,0.6651750184112619,0.40260495480486186,0.3348069417355188,0.26258810345961936,142.73247852726882,143.05747985839844
279,0.43027432216905903,0.40434763729868667,0.6647843708729906,0.4043073931650634,0.33517538499338617,0.26051722184155035,142.27119356686933,142.98452758789062
280,0.430023695602643,0.40364972708111907,0.6635727735997211,0.4036327723069196,0.3364102716260794,0.25995695606700103,141.99385707337285,143.0405731201172
281,0.4314313055365687,0.4047356502488445,0.664377846502235,0.4047166383600767,0.3356031416089973,0.259680220030926,141.4009829146493,142.8861083984375
282,0.4317434495329232,0.4048514925680318,0.6636399809596385,0.40483143897215823,0.33633996544448796,0.2588285955833538,141.80667489215915,142.8892822265625
283,0.43214809751651856,0.40489418979721603,0.6639433373156929,0.40485412016040506,0.3360165930474962,0.2591292867920987,142.1556294149095,142.875244140625
284,0.4336832991569834,0.40516518548561653,0.6647126564801759,0.40512630842329345,0.33524846645750106,0.2596252251192055,142.18541942045857,142.87460327148438
285,0.4334167236272499,0.4042799482301634,0.6637893964356194,0.4042557665436905,0.3361864218779077,0.25955781157840174,142.78375264027218,143.04702758789062
286,0.43315060378218273,0.40373194858970973,0.6632251467309944,0.4035804571884248,0.3366233618677206,0.25979618094385454,142.28988616052408,143.06219482421875
287,0.43342948279790383,0.40364880393540103,0.6631043535216435,0.4036099041066654,0.33685674664962084,0.25953334924371374,142.6304821160666,143.07778930664062
288,0.43431670084301666,0.40320194563470246,0.6618945596931303,0.4031620760711273,0.3380655707432946,0.2587723531855781,142.66983279964074,143.03311157226562
289,0.4355247208931419,0.4048907726738644,0.6628532925141171,0.4048572914301618,0.3371132262421803,0.25802948232765793,143.22408682523522,142.8885955810547
290,0.435127363864206,0.40363205279787034,0.6622595134293378,0.403607966178197,0.33771639995098895,0.25867563387081405,143.27027072313268,142.9871826171875
291,0.43304306220095695,0.4023032411426551,0.6612095172853576,0.4022664111718981,0.3387536527438854,0.2589799360842165,142.89972882618673,143.0863800048828
292,0.43282023239917977,0.40224294185027964,0.6614404352806414,0.4022282022774746,0.3385448251465535,0.259226972575972,142.85139773263256,143.0915069580078
293,0.4320701754385965,0.4017083290268283,0.6604677602728601,0.40163766718907207,0.33946157788938364,0.25890075492154424,143.21814469435063,143.1854248046875
294,0.43145910230120754,0.401017281749657,0.6600629252975961,0.40100883256568975,0.33992862551843667,0.2590625419158736,142.91224360687215,143.2439727783203
295,0.4303526999316473,0.3996044086831023,0.6597035818167765,0.3995715839217966,0.3402635934219178,0.26016482265628554,143.62261160154128,143.3486785888672
296,0.4302118933697881,0.3983063234826819,0.6602436182607775,0.39829573138438723,0.3397457896409279,0.2619584789746849,143.16091409808283,143.39694213867188
297,0.431825017088175,0.3999894474695032,0.6619222489552995,0.39996728715545987,0.3380555907306572,0.2619771221138829,143.2400215271622,143.3016815185547
298,0.43157849168375484,0.39946721514857475,0.6619561418605658,0.399439762897015,0.33801640588787446,0.26254383121511055,143.59938823713256,143.30067443847656
299,0.43197721576668946,0.39934534069499794,0.6628135370801309,0.3993168589011935,0.33715798112606465,0.2635251599727419,143.87993869030163,143.2912139892578
300,0.43392390066074277,0.4014739888642221,0.6639492316061186,0.4014645375249673,0.33604131705462664,0.26249414542040606,144.5384785024038,143.14266967773438
301,0.43284483937115514,0.40090095780721313,0.6630704153586039,0.40087358587102767,0.3369022127052106,0.2622242014237618,144.39499388342503,143.21617126464844
302,0.43372294372294373,0.40202457436134503,0.6635718450733081,0.40198149831110364,0.3363850788764505,0.26163342281244584,144.35395590483344,143.10562133789062
303,0.43272408293460923,0.4022765063241552,0.6629584894056842,0.4022586042945916,0.33702360856475216,0.26071778714065624,143.98193790523086,143.0984649658203
304,0.43143722943722945,0.40068272867555493,0.6619743152909465,0.40065209883089054,0.337995054864389,0.2613528463047205,143.39664275778446,143.20318603515625
305,0.43062793347003875,0.39998074100567926,0.6613432831082747,0.39994370447813943,0.3386196803641855,0.2614366151576751,143.545795666303,143.2821502685547
306,0.43234996582365004,0.402469666691962,0.6618226123323131,0.4024559650587273,0.33816368603445224,0.25938034890682043,143.95800871002285,143.08518981933594
307,0.4324825700615174,0.4023568012492058,0.6624225699965124,0.4023431038170529,0.33756373257133465,0.2600931636116125,144.588243599348,143.07005310058594
308,0.43444565960355436,0.40523038291739694,0.664076963176703,0.4052041607273406,0.3358968146332407,0.25889902463941866,145.21596805507917,142.89816284179688
309,0.4337001594896332,0.40260256053291027,0.6630887150579718,0.4025584315291225,0.3368671559382404,0.2605744125326371,144.76401489879223,143.03953552246094
310,0.4322747778537252,0.4010649074926183,0.661616209532303,0.4010153622024252,0.33833424517750393,0.2606503926200709,144.36052737271868,143.1849365234375
311,0.4321913875598086,0.40080595164290145,0.6612620249587746,0.4007817013972359,0.3387137247955599,0.2605045738072042,144.69938973729603,143.1993408203125
312,0.4325892002734108,0.40077234474890894,0.6613270382812064,0.40074917019288603,0.3386497871627707,0.26060104264434325,144.6304932914927,143.197998046875
313,0.4324616085668717,0.39979790039798235,0.6623398244747044,0.39977155790554003,0.3376338330328533,0.26259460906160664,144.6123607404137,143.1869659423828
314,0.4331496924128503,0.3985336863932031,0.6638672259235998,0.39852421816070116,0.3361233058438983,0.2653524759954005,144.15778073046363,143.1772918701172
315,0.4318209159261791,0.4005451489028957,0.6628487248728672,0.4004913304862336,0.33709745671047064,0.2624112128032958,144.93190809502855,143.06820678710938
316,0.4312576896787423,0.3999503378610411,0.6625394259268065,0.39991441205839,0.3374246482705424,0.2626609396710676,145.05418773345167,143.0979461669922
317,0.4360574162679426,0.40197590623327983,0.6650981056046014,0.40194664593365437,0.3348726340957731,0.2631807199705725,144.8531519612761,142.9174346923828
318,0.4360897698792436,0.3997412745467864,0.66640926479547,0.39971619615067516,0.3335656568084188,0.266718147040906,144.01182655363277,143.08460998535156
319,0.43634267486899064,0.3890328900511094,0.669742907449606,0.389013047828112,0.3302372503273967,0.2807497018444913,146.2321884718773,143.01039123535156
320,0.43691638186375026,0.38878175410637944,0.6719172560238545,0.38876923863151625,0.3280702285012823,0.28316053286720144,145.70885459417008,143.01608276367188
321,0.4376422875370244,0.3887897410053665,0.672813372677805,0.38877204015801653,0.327168926474845,0.2840590333671385,145.12041469961662,143.03712463378906
322,0.4406338573706995,0.3930500501049152,0.6743945785344131,0.39302626448983474,0.32558163585050637,0.2813920996596589,144.20757809696465,142.6971435546875
323,0.44011984506721347,0.3901451892284771,0.6716992306202975,0.39012137583437473,0.32827695598560014,0.28160166818002513,143.81621340114285,142.83961486816406
324,0.4381950330371383,0.3977157273306788,0.665154286676948,0.3976897295082564,0.33481971550062967,0.26749055499111396,144.24229138567352,143.23963928222656
325,0.44107678286625657,0.40179225429596577,0.6634202633832778,0.4017436977177375,0.336531180038494,0.2617251222437685,144.36551222540996,142.8917999267578
326,0.4413073593073593,0.40177644873400664,0.6619016592510292,0.4017599274716583,0.3380818194866224,0.2601582530417193,143.85954448814547,142.89352416992188
327,0.4407541581225792,0.399738429647397,0.6627148521300408,0.39969707465093796,0.33724379287350026,0.2630591324755618,143.61027051337058,143.02468872070312
328,0.4418441558441558,0.3997877534350838,0.666796613543146,0.39976197032467126,0.3331776033464415,0.26706042632888727,144.202972895763,143.03387451171875
329,0.44381271360218727,0.39000274142227453,0.6728004706621613,0.389960644675737,0.32715743259130114,0.28288192273296187,144.67738388228517,142.84011840820312
330,0.4378318523581681,0.3886224503602124,0.6727614480101414,0.3886130833806886,0.3272291850103349,0.2841577316089765,145.33820624423672,142.9719696044922
331,0.43792754613807244,0.3885729091226931,0.67428139749769,0.3885583414496083,0.3257040348292253,0.2857376237211664,145.41492895137728,142.97035217285156
332,0.43842333105491,0.38897330894275145,0.6735781399409637,0.38895044277221136,0.32639899388849625,0.2846505633392924,145.42172286201304,142.93821716308594
333,0.43994714057871953,0.3903159517081942,0.6716252496209076,0.39029627205157313,0.3283550707224713,0.2813486572259556,144.68510788594915,142.84068298339844
334,0.44144998860788337,0.4005287160313885,0.6677491478815231,0.4005122001069406,0.3322343361940291,0.2672534636990303,144.70436392013724,143.05442810058594
335,0.4428147641831852,0.40198526998004647,0.6652136285100082,0.40197703746924385,0.33477813897918923,0.2632448235515669,144.60569257540723,142.8863983154297
336,0.4414066985645933,0.40147542963681015,0.6638039697852822,0.40145271801351756,0.33617331859142513,0.2623739633950573,144.33123250817877,142.88768005371094
337,0.44186602870813396,0.40342485884445817,0.6644525227524686,0.40340629592389204,0.33552891432696524,0.26106478974914277,144.48276381261763,142.73812866210938
338,0.4417466393255867,0.40345033540916,0.66527991681564,0.4034338305758227,0.3347035783510227,0.26186259107315457,144.55042484472563,142.7374725341797
339,0.44045340624287993,0.40387760908362,0.6649665054444818,0.4038517445619843,0.3350076300338825,0.26114062540413313,144.60412901223393,142.73715209960938
340,0.4402775119617225,0.40300396713272457,0.6657248219551247,0.4029811972605774,0.3342524081727281,0.2627663945666945,145.46296325046134,142.73667907714844
341,0.4404857598541809,0.40337621011207825,0.6664011437485905,0.40334000244143153,0.3335626485807628,0.26309734897780573,145.01278854927244,142.7391357421875
342,0.4407919799498747,0.4031166586375938,0.6669078834468086,0.4030649693275634,0.33304042724316096,0.26389460342927556,145.31876073845416,142.7398681640625
343,0.44159535201640465,0.4032758871549437,0.6671485665284945,0.4032170685422581,0.33279261485881984,0.2639903165989221,145.12682634372152,142.73907470703125
344,0.4421754385964912,0.4029065681184392,0.666805104116642,0.4028663766007045,0.3331547043656233,0.26397891903367227,144.77616107111425,142.7402801513672
345,0.4427099567099567,0.40250656955493774,0.6664168880535487,0.4024849540980333,0.33356149648954686,0.26395354941241983,144.66318897982248,142.7397918701172
346,0.44270312143996354,0.40300480076416967,0.6659444247729313,0.4029728917398859,0.33402366620278495,0.2630034420573292,144.92182391982806,142.73867797851562
347,0.443019366598314,0.4033692447896845,0.6655688197768785,0.4033219297144844,0.33438386514792134,0.26229420513759427,144.9125977416309,142.73941040039062
348,0.4436267942583732,0.4036684714223056,0.6647889812323903,0.40363149293454087,0.335174040279845,0.26119446678561414,145.27007341257,142.7384796142578
349,0.44394577352472087,0.4028682900191842,0.6650493359432337,0.4028374967538766,0.3349198707914588,0.2622426324546646,145.59801547669514,142.7371826171875
350,0.44436773752563224,0.4037808986171571,0.665741694995206,0.40373270164536257,0.33421010803299955,0.2620571903216379,145.54730942968627,142.73619079589844
351,0.4452818409660515,0.4033337051549831,0.6663327094234274,0.40328356040038027,0.3336171458219698,0.26309929377764996,145.88507333926202,142.73683166503906
352,0.4466015037593985,0.4028245007739267,0.6678471982017556,0.4027989923137908,0.33212729333810853,0.2650737143481007,145.89883140642425,142.7392578125
353,0.44746320346320345,0.40229724692909474,0.6686365404630341,0.4022605854832895,0.3313267980911607,0.26641261642554975,146.11986459706017,142.73716735839844
354,0.44863203463203466,0.4017001126433816,0.6692804535800586,0.40166862531398456,0.33068805909054433,0.2676433155954711,145.50752801102666,142.7378387451172
355,0.4483531556163135,0.3998593368709162,0.6682891033843508,0.39982681360407596,0.331678373348809,0.26849481304711503,145.88521726050425,142.85618591308594
356,0.4497461836409205,0.4006553403960412,0.6673134286015352,0.40063102349822893,0.3326622545006525,0.26670672200111856,146.16350276807353,142.83758544921875
357,0.4498213716108453,0.39833335528241887,0.665220390768012,0.39827662533822694,0.3347228792877961,0.26700049537397696,146.55344619215444,143.04296875
358,0.45017999544315335,0.3977994169568386,0.6647613167058062,0.39777208680864845,0.3352113531460037,0.2670165600453478,146.78798688152887,143.07090759277344
359,0.45023786739576216,0.3962250783616569,0.6641090960247843,0.3961866186527564,0.3358524442663153,0.26796093708092833,146.80377046840889,143.18142700195312
360,0.4533861927546138,0.3969200648068859,0.6640434350865767,0.3968999634154676,0.335936463522005,0.2671635730625274,146.48919148183438,143.1798095703125
361,0.45353018910913645,0.3947172230304882,0.6633382633089246,0.39469511852036426,0.33663963218095155,0.2686652492986842,146.8969146122869,143.36358642578125
362,0.4528635224424698,0.3932294837337959,0.6624039428099363,0.3931982906172112,0.3375648640734789,0.2692368453093099,146.97111718650163,143.5054931640625
363,0.4541740715424926,0.3937904152264758,0.6618500328589273,0.3937522888374963,0.33811184075209316,0.26813587041041054,146.91663765382242,143.53529357910156
364,0.4542269309637731,0.394712685882137,0.6604337274942541,0.3946725575114792,0.33952614413508814,0.26580129835343264,146.89321840567976,143.5439453125
365,0.4543139667350194,0.3932057629349082,0.6590032818718706,0.39316163018359224,0.34095258537681344,0.2658857844395943,146.67074058768776,143.60765075683594
366,0.4537306903622693,0.39094537376269445,0.6581401047692506,0.39091323595577837,0.3418277574238334,0.2672590066203882,146.75076929875306,143.86077880859375
367,0.4552435634540898,0.39389929451709255,0.6596995892023478,0.3938352325050649,0.3402363487856245,0.2659284187093106,146.54139507042817,143.58804321289062
368,0.4562087035771246,0.3958527693152874,0.6609189432153024,0.395821804924337,0.33905009239374717,0.2651281026819158,146.60039854167707,143.45860290527344
369,0.45642378673957623,0.39436933294196813,0.6609479424373665,0.3943303960975298,0.33901312071819506,0.2666564831842751,147.07499036562695,143.49703979492188
370,0.4563686488949647,0.39415936679044755,0.6611995394912237,0.39413540276045655,0.3387764964787853,0.2670881007607581,146.80443454374984,143.53018188476562
371,0.45808111187058553,0.39542844182444525,0.6626700183733745,0.3953946196950239,0.3372961594972042,0.2673092208077719,146.70640501602074,143.43441772460938
372,0.4591651856915015,0.3949037253458087,0.6633225424209885,0.394844180151999,0.33661791238520183,0.26853790746279915,147.86040324005248,143.45510864257812
373,0.4591159717475507,0.3943832937977033,0.6620209820054986,0.394321757168521,0.33791748136531913,0.2677607614661598,151.33602870385994,143.456298828125
374,0.45843791296422876,0.3927509984672608,0.6596016866095054,0.3927211786386652,0.340368493561899,0.2669103277994358,150.94193582375289,143.5686492919922
375,0.45970745044429256,0.393293009313778,0.6606795211869615,0.39326723683323617,0.3392947063324967,0.2674380568342671,151.11682268929886,143.58013916015625
376,0.4606516290726817,0.3928380650905134,0.6647373627460679,0.39279651795429815,0.3352210901177169,0.27198239192798496,150.75261351271143,143.60418701171875
377,0.46213488266119845,0.37944101246850825,0.6696027727516997,0.37939269638270284,0.3303489111624949,0.2902583924548023,151.01004777376238,143.59832763671875
378,0.463211665527455,0.38022051749206603,0.6709551626237804,0.3802037937350839,0.32902811361923745,0.29076809264567866,151.00179632824998,143.58897399902344
379,0.4641257689678742,0.3798663556283406,0.6711329335391213,0.3798329739898127,0.32883368482235076,0.2913333411878365,150.9776382294379,143.51231384277344
380,0.46396627933470036,0.37980639851341713,0.6695829985837392,0.3797906841070387,0.3304012870098824,0.28980802888307894,151.61422212706276,143.604248046875
381,0.46493825472772843,0.3790466986897081,0.6685438794402077,0.3790261166492046,0.3314355385192888,0.2895383448315066,151.40582295328758,143.60887145996094
382,0.4650385053542948,0.3781585396564716,0.6690376638736653,0.37813306262352686,0.33093685909339,0.29093007828308315,150.61338308540587,143.62081909179688
383,0.46526817042606516,0.3786868371283536,0.6696966105828325,0.3786623520735414,0.3302789043623553,0.29105874356410333,150.9889405904424,143.59616088867188
384,0.46508452950558216,0.37807604729637045,0.6681562724126714,0.37805939088482776,0.3318270711757859,0.2901135379393863,150.85741229909428,143.71571350097656
385,0.4650904534062429,0.3788785674884705,0.6675285433369814,0.3788521135247359,0.33244500269928406,0.28870288377598,151.8220461455105,143.70547485351562
386,0.46511825017088176,0.37814171031309823,0.6666480520269383,0.37812897398065254,0.333339211640616,0.2885318143787315,151.0891366921981,143.74729919433594
387,0.4647550694919116,0.3749417837935886,0.6650276251219477,0.37492413509101336,0.3349547261754771,0.2901211387335095,151.17090513332124,143.98568725585938
388,0.464622009569378,0.3740036660968426,0.6645050622147815,0.373986012339976,0.3354772840283519,0.290536703631672,150.63300879843626,144.0182342529297
389,0.46566598313966734,0.37433751115564673,0.6642120982010051,0.3743247898041303,0.33577518044747845,0.28990002974839124,151.9730777059293,143.99307250976562
390,0.4667915242652085,0.37495192185666565,0.664604919687536,0.37493825497328126,0.3353814134290796,0.2896803315976391,151.8529238344589,143.998291015625
391,0.4675324675324675,0.37499512670565305,0.6655029239766082,0.37498830409356726,0.33449025341130606,0.2905214424951267,153.19470272904482,143.9998779296875
392,0.46792663476874,0.37451466356337004,0.6658801302995039,0.3745078466984462,0.33411305283557236,0.2913791004659814,152.8538366776548,144.05825805664062
393,0.4688493962178173,0.37372022276433825,0.6658836221559156,0.3736998124192091,0.3340959674989552,0.2922042200818358,152.55465015696527,144.13265991210938
394,0.46899430394167235,0.37395064943140743,0.6657750425569953,0.37392441566719264,0.3341987236787899,0.29187686065401747,150.86461045775005,144.1490020751953
395,0.46961130097972204,0.37376596459019445,0.6661996075927503,0.37374752804780303,0.3337819558648582,0.29247051608733876,151.31641279224345,144.1329345703125
396,0.47047846889952155,0.37301894010934994,0.6662627788835457,0.3729908519901401,0.3337091329972445,0.29330001501261543,151.59605700919644,144.151123046875
397,0.4708717247664616,0.37394902683368686,0.6659047272502051,0.3739412848582444,0.3340875307743524,0.2919711843674032,152.4669920877011,144.135498046875
398,0.4712672590567327,0.3733673307574193,0.6652636444155653,0.37334895899810094,0.3347179838251163,0.29193305717678275,153.29031827622617,144.14590454101562
399,0.47202779676463885,0.37235064414764474,0.6652034772870983,0.37232844048210917,0.3347743190473662,0.2928972404705246,152.86045478899277,144.16468811035156
400,0.4721130097972203,0.37193306899653683,0.665069899966411,0.3719031477184543,0.3349001787555065,0.29319667352603923,152.33149301386416,144.15089416503906
401,0.4723681932102985,0.3725463336330276,0.665069476332514,0.3725212519245388,0.3349054419589972,0.29257330611646404,152.11996677638305,144.13819885253906
402,0.47385235816814764,0.37319989344811705,0.6653588096192886,0.3731796985966502,0.33462099552924457,0.2921993058741053,151.89888630202458,144.02996826171875
403,0.47106402369560263,0.3705122128174123,0.6625489721886336,0.3704812575574365,0.33742007255139056,0.2920986698911729,153.2934345828295,144.3709716796875
404,0.47137161084529505,0.37011286463494214,0.6608976001160065,0.37008289629504315,0.33907243154409455,0.2908446721608623,152.3161427846388,144.37582397460938
405,0.47236318067897015,0.37055530527174874,0.6589623201212425,0.3705273292231051,0.341009703830114,0.28846296694678086,152.794264138275,144.3260498046875
406,0.4711465026201868,0.3811327835223047,0.6545813985652814,0.3810795884831773,0.3453654063955912,0.2735550051212315,152.92974869696334,144.5609130859375
407,0.4716687172476646,0.38158320588709826,0.6521263635459005,0.3815677480998998,0.3478581786669011,0.2705740732331991,153.15812833248154,144.52239990234375
408,0.4723864205969469,0.38119253134127945,0.6512484421001454,0.3811626273812234,0.3487216539397985,0.2701157186789781,153.424064198979,144.5633544921875
409,0.4723554340396446,0.3812339376258943,0.6507596104126632,0.381171231660917,0.34917768362235957,0.2696510847167234,153.52851770816451,144.583740234375
410,0.4728029163818637,0.38114298271146124,0.6511258079004131,0.3811256344174732,0.3488568438055989,0.27001752177692795,153.6230138612869,144.5654754638672
411,0.4739079516974254,0.3812734917898328,0.6519575650173896,0.3811907987665278,0.3479597419593054,0.2708494592741668,153.07912953092864,144.55044555664062
412,0.4737707906128959,0.3809558618434341,0.651560561321163,0.3809116178861007,0.34839519472150354,0.2706931873923958,153.25952543546634,144.58938598632812
413,0.4747846889952153,0.38178450257458624,0.6520349548667598,0.38173555424386824,0.3479160968025223,0.2703483489536095,153.26000681437546,144.5172576904297
414,0.4761503759398496,0.3824695285344603,0.6523793391213806,0.3824178495413968,0.3475689818855559,0.2700131685730473,153.16027282680264,144.49822998046875
415,0.4761649578491684,0.3824626008666493,0.651374619118345,0.3824415471068306,0.3486043271218362,0.2689541257713332,153.39963864092238,144.49696350097656
416,0.4757092731829574,0.381330799353222,0.6499017188661461,0.38127715662909123,0.3500446384097231,0.26867820496118566,153.65580625014368,144.58840942382812
417,0.4776468443836865,0.38264980976840207,0.6505176512789593,0.3826173730867128,0.34944991203935144,0.2679327148739358,154.31635400249573,144.46913146972656
418,0.47771064023695603,0.38242700813479646,0.6503010485187956,0.38239266799957267,0.3496646113459807,0.2679427206544467,153.85416889241617,144.45565795898438
419,0.4784224196855776,0.3828638591558418,0.6503555583494778,0.38283147505757703,0.34961205755225744,0.26755646739016553,153.63665422736304,144.40980529785156
420,0.4765741626794258,0.3792590085309253,0.6485339085636262,0.37923032350966973,0.35143740641511817,0.2693322700752121,154.50376156245397,144.6884307861328
421,0.4791884256094782,0.3831305113548293,0.650486554029702,0.38310198282772856,0.3494849174431973,0.26741309972907407,154.09836255763952,144.3540496826172
422,0.48116655274550013,0.3847545268580953,0.6520257216455793,0.38472706265626183,0.3479468141525873,0.26732612319115084,153.98730206833852,144.1571807861328
423,0.48039280018227387,0.3833822477618566,0.6515259594279004,0.3833386136885779,0.34843040649882095,0.26823097981260113,153.00791958430008,144.29937744140625
424,0.47883709273182956,0.382109766960282,0.6512293397081104,0.382080265852563,0.34874115918417065,0.26917857496326636,153.35252586580992,144.4456787109375
425,0.4774395078605605,0.3807601306047964,0.6496347856960832,0.3807229076651577,0.350327991364278,0.2689491009705643,154.64381655390025,144.58074951171875
426,0.47776122123490544,0.37974260978380403,0.6496007905025242,0.37971304224247865,0.3503696419561504,0.26991731580137096,154.06804158913135,144.58648681640625
427,0.477816359079517,0.3797455196038788,0.6496631596615575,0.379714048111329,0.3503053688458927,0.26998058304277833,153.77321451732269,144.5716094970703
428,0.4792777398040556,0.38078771600389816,0.6510708088707186,0.3807696513037484,0.3489111264291317,0.27031922226711985,154.28194147987926,144.40289306640625
429,0.47911916154021417,0.3786653757227083,0.6525236654565653,0.3786377941597467,0.34744875298047323,0.2739134528597801,153.44521968714898,144.5038604736328
430,0.48004055593529277,0.37938808618167563,0.6567816761893551,0.3793567605076278,0.34318699813659703,0.2774562413557752,153.50231003114533,144.42245483398438
431,0.4827605377079061,0.3684532450836214,0.6615490769460213,0.3683956662997986,0.3383933442701559,0.29321098943004553,153.57936433022658,144.04525756835938
432,0.483941672362725,0.36906055498535795,0.662059679287389,0.36904078116025274,0.3379205468875058,0.2930386719522415,153.66633835839588,143.96603393554688
433,0.482041011619959,0.36777997407923135,0.6612329475468384,0.36776201293391525,0.33874909130784553,0.2934888957582392,153.49095561800993,144.1984100341797
434,0.48144133059922534,0.3668249531718666,0.6612700338752682,0.36680318365052156,0.33870819660338675,0.29448861974609164,153.64085590185923,144.231201171875
435,0.48281613123718387,0.38136738584668817,0.6612907488155237,0.3812277025879155,0.3385695679257036,0.28020272948638086,153.5410423391283,144.1941375732422
436,0.4836605149236728,0.37128094871550876,0.6598686820056284,0.37126022123756236,0.3401105905164251,0.2886291882460125,154.12596088348047,143.966796875
437,0.4822652084757348,0.3826269853193377,0.6545022303986182,0.3826203711315269,0.345491155413571,0.2718884734549021,154.232240197065,144.1792449951172
438,0.48409751651856914,0.3844403738120698,0.652597255900116,0.38441025196921547,0.3473726222570297,0.26821712577375484,153.88153738120698,144.01856994628906
439,0.483261335156072,0.3840079885565248,0.6508061634089788,0.3839759287215575,0.34916177675605387,0.26686229452238863,154.11138152429427,144.11866760253906
440,0.48348735475051263,0.3834184878036367,0.6501239852857599,0.383394925415617,0.3498524523262203,0.2667526222581627,154.48086498468916,144.1264190673828
441,0.4852276144907724,0.3857660175501863,0.6504331199663421,0.385737844091838,0.34953870657530955,0.2647234493328525,153.854343220339,143.9952392578125
442,0.4859512417407154,0.38612929239886723,0.6504669829898164,0.3860833442733632,0.34948706888467956,0.2644295868419572,154.4105277470415,143.99227905273438
443,0.4861977671451356,0.3864114995768355,0.6506479618280331,0.38639181750785645,0.34933235610298785,0.26427582638915575,154.19523862634153,143.99517822265625
444,0.48740806561859196,0.38662437115341286,0.6508899914642344,0.38660660778577755,0.34909224516813026,0.2643011470460922,155.0298050610639,143.91714477539062
445,0.48787605377079063,0.38751536458430624,0.6513836532031189,0.38749668423864514,0.34859766645122003,0.2639056493101348,154.2197752007203,143.88290405273438
446,0.48916062884483935,0.38832824233345725,0.6518724911804133,0.3883068163504471,0.34810608283657657,0.2635871008129763,154.21340651703878,143.74549865722656
447,0.48806106174527225,0.38609682087670977,0.6514924606694366,0.3860538723682368,0.34846459082209047,0.26548153680967274,154.87692824798094,143.8927459716797
448,0.48968785600364545,0.3883037724963243,0.6527870316949247,0.3882795778973032,0.3471887737060542,0.26453164839664256,154.87751112020993,143.7406463623047
449,0.49058145363408523,0.3885513491321136,0.6532504289040955,0.3885067635412477,0.34670498550503864,0.26478825095371367,154.12139820412955,143.7411346435547
450,0.49132604237867394,0.38806731496037433,0.653569093362641,0.38803207152562336,0.346395663202608,0.26557226527176864,155.21127511674388,143.75814819335938
451,0.49147505126452495,0.38806740952137236,0.6539828768837931,0.38802290499581843,0.3459726185906529,0.26600447641352865,155.06870107979105,143.7893829345703
452,0.49605149236728185,0.3931865678839962,0.6562197715382814,0.3931498229352784,0.3437434835130008,0.26310669355172084,154.40430834523715,143.3066864013672
453,0.4959776714513557,0.39231530388461106,0.6552020675785057,0.3922794722272499,0.34476210076413305,0.26295842700861705,154.66171148533246,143.36207580566406
454,0.4959986329460014,0.3922518693688107,0.6546387632537077,0.39224084470940374,0.3453502120868853,0.2624089432037109,154.0828732834835,143.37266540527344
455,0.4957434495329232,0.39171658658950337,0.6541401900342768,0.39167338444667704,0.34581660782289697,0.262510007730426,154.35606562681252,143.433837890625
456,0.4949747095010253,0.3893752842420794,0.6524209599879215,0.3893449037121325,0.34754865948213165,0.26310643680573587,154.55375788743,143.58546447753906
457,0.5035475051264525,0.3889333822005638,0.6549276719741909,0.38888451497011406,0.34502346079535945,0.2660920242345265,154.40937436370794,143.70790100097656
458,0.504257006151743,0.3878376131401637,0.6545962739654724,0.38781502125444606,0.34538113414881005,0.2668038445967439,154.4989580622307,143.71243286132812
459,0.5047628161312372,0.38789403648273635,0.6545569115159131,0.3878470924490522,0.34539614445040273,0.2667567631005451,154.6562234247117,143.7431182861328
460,0.505069036226931,0.38959683283801316,0.6543495246189464,0.3895706683844984,0.3456243109275389,0.26480502068796274,154.68639827350697,143.70993041992188
461,0.5055707450444292,0.3888911422068997,0.654294148133126,0.3888613984091575,0.3456761080691318,0.2654624935217107,154.96142770229162,143.68539428710938
462,0.5059703804966963,0.3890270833033128,0.6533522702710491,0.3889982636137009,0.34661891003933887,0.26438282634696025,155.08917892704295,143.7237548828125
463,0.5072294372294373,0.3905697075324652,0.6537428747254327,0.390545451278619,0.34623286902072115,0.26322167970065985,155.0509156735827,143.6314697265625
464,0.5074130781499202,0.3897072162282065,0.6534514933750509,0.3896694979335763,0.34651078833031884,0.26381971373610485,155.17700477226234,143.69586181640625
465,0.51166324903167,0.3947561773886868,0.6557147246503302,0.3947080852655531,0.3442371832265362,0.2610547315079107,154.31082562597686,143.28172302246094
466,0.5089359763043974,0.3907383199326684,0.6536002721916803,0.3906899700947299,0.34635137797038124,0.2629586519348889,154.74091560267178,143.59695434570312
467,0.507485987696514,0.38858808380878496,0.6520807630212683,0.3885575543379684,0.34788870750791523,0.26355373815411637,154.9749487733438,143.80792236328125
468,0.510347687400319,0.3907780470339066,0.6543138224826288,0.3907405456276039,0.3456486761110685,0.26361077826132767,154.72977379508873,143.57183837890625
469,0.5102866256550467,0.3915490291331495,0.6552502893311806,0.3915231322064896,0.3447238137421595,0.2637530540513509,154.66820321764848,143.5681915283203
470,0.5093834586466165,0.3908987137717137,0.6541148033443009,0.39086293053937854,0.34584941342336395,0.2632876560372575,154.8163658191408,143.6879425048828
471,0.5114431533378901,0.3920811645440598,0.6550034659049397,0.39206690889392193,0.3449822784449224,0.26295081266115566,154.72397319224993,143.5550537109375
472,0.5113524720893142,0.3928858819975351,0.6546419726902419,0.39286449473026647,0.3453366400424894,0.26179886522724416,154.87298993105279,143.5355224609375
473,0.5117967646388699,0.39242283673066,0.6545615943900037,0.3923943451294498,0.3454099140087861,0.2621957408617641,155.16929887511597,143.5026092529297
474,0.5118906356801094,0.3912078579669273,0.6537142674016152,0.39118026178979903,0.3462581364212565,0.26256160178894444,155.32749184577474,143.56671142578125
475,0.5165942128047392,0.39702257984274025,0.6567066490483088,0.3970075842443894,0.3432783553533404,0.25971406040227013,154.65490805934022,143.0025634765625
476,0.5153975848712691,0.3949877988400057,0.6552208586787381,0.39496746357334844,0.3447588060546046,0.260273730372047,155.0443936553968,143.17930603027344
477,0.5161831852358169,0.3951767534985222,0.6541795113545275,0.3951299652884449,0.3457737004353952,0.2590963342761599,155.37404790406475,143.1805419921875
478,0.5161891091364775,0.39098604579718693,0.6530146710252768,0.39093307862006377,0.34693236179760006,0.26213455958233617,155.84917243199678,143.64295959472656
479,0.5208612440191388,0.39293194404346343,0.6545821194544326,0.39289082526267904,0.3453767617647831,0.2617324129725379,155.58833626414005,143.56005859375
480,0.5246229209387104,0.3926325801169997,0.6549073426649352,0.39259696773605146,0.3450570449541165,0.26234598730983205,155.17798633700605,143.64085388183594
481,0.5262961950330372,0.39439390384230755,0.6550468978498767,0.39437572134720167,0.34493491965501744,0.2606893589977809,155.0461203317526,143.4821319580078
482,0.5297457279562543,0.3980251641467252,0.6561722867511894,0.39800537965999927,0.34380792876208466,0.258186691577916,154.74006711241975,143.156494140625
483,0.5305800865800866,0.39732281652206625,0.6560714144618751,0.3972669917671369,0.34387276078319556,0.25886024744966757,154.54995027302598,143.16868591308594
484,0.5303900660742766,0.39767050048069447,0.6561165901020756,0.39762238807637157,0.3438352974936015,0.25854231443002695,154.6119622901848,143.16952514648438
485,0.530529049897471,0.3969805350415634,0.6558356223684685,0.39694446019140284,0.34412830278137096,0.2589272370272262,154.53326358862302,143.1728973388672
486,0.5310576441102757,0.39737224623864986,0.6559705373063122,0.3973422137864401,0.34399943024147805,0.2586583559720818,154.14067801264108,143.18511962890625
487,0.529241740715425,0.3959537497599923,0.6556184191606661,0.3959373904897535,0.3443652215690951,0.2596973879411514,154.37923888064708,143.34754943847656
488,0.5305987696514012,0.3969438311094393,0.6571140992048259,0.3969094786237364,0.34285154830947123,0.2602389730667924,154.86001705600916,143.2060089111328
489,0.5300287081339713,0.3947700550574819,0.6575216567453153,0.39474426298287063,0.3424525511800734,0.262803185837056,155.49763916543725,143.36021423339844
490,0.5286648439280018,0.3937956566148489,0.656951010856308,0.3937672121397572,0.3430205446686003,0.2632122431916425,155.28677202615168,143.46563720703125
491,0.5288462064251538,0.39293595380822766,0.6573900545688133,0.39290838074607537,0.34258237236903444,0.26450924688489025,155.34909047669515,143.4792938232422
492,0.5329906584643427,0.39716735291301314,0.6600165177899676,0.39713229963202606,0.3399484289290453,0.2629192714389286,154.77784769434908,143.1239776611328
493,0.5329437229437229,0.3974870569323968,0.6598258297030042,0.3974502904975867,0.3401374038621857,0.2624123056402276,155.14311463004844,143.12794494628906
494,0.5334144452039189,0.3975788029503374,0.6595211938034031,0.39755488314319937,0.34045488638945887,0.26199023046734177,154.56299366637677,143.12530517578125
495,0.5341594896331738,0.39724435746745684,0.6600046237330588,0.39721791176177024,0.33996893056125466,0.2628131576769751,154.61248424987608,143.1257781982422
496,0.5331173388015493,0.395808794744283,0.660254580204218,0.3957805878320509,0.3397172128835499,0.26450219928439916,155.49661858955182,143.2508087158203
497,0.534688995215311,0.39674102482156176,0.6617193991690636,0.39672227548737615,0.3382618514967508,0.26501587301587304,155.4557306913817,143.1322784423828
498,0.5354426976532239,0.39601405582330307,0.6618381333567086,0.39598937558136865,0.3381371864013569,0.2658734380172745,155.36618160062432,143.1471710205078
499,0.5356924128503076,0.39609655513845543,0.6613016416619243,0.39605912670969234,0.3386609299093126,0.26527994338099503,155.30566521801634,143.1521759033203
500,0.5363185235816815,0.3959850495050346,0.6604990352189684,0.39596040956675344,0.3394763248427505,0.26456326559049614,155.34188424156994,143.15005493164062
501,0.5346648439280018,0.39261004225609,0.6585890318258756,0.39259299663689934,0.3413939225549338,0.2660130808081669,154.78262147986658,143.42507934570312
502,0.5364128503075871,0.3945137356242747,0.6592564464583344,0.39449334753703413,0.340723165454425,0.26478348700854093,154.5549849722807,143.24693298339844
503,0.5371861471861472,0.39498920562749446,0.6592558033006604,0.39496206064359063,0.34071705171543576,0.26432088764097367,154.97402140212324,143.14474487304688
504,0.5368234221918432,0.394280761829416,0.6586215121653499,0.3942603893353389,0.3413581153405729,0.26438149532408817,155.1094070840255,143.30227661132812
505,0.5372303485987696,0.3944554146394425,0.6582931281341394,0.3944172451465369,0.341668702372955,0.2639140524805081,154.75011366026777,143.26731872558594
506,0.5378049669628617,0.3947524726468866,0.6578795522503141,0.3947312900298505,0.34209926513264977,0.26316944483749966,155.06634056733827,143.26792907714844
507,0.5385705172020961,0.3940932047148092,0.6577905106469029,0.3940703600072088,0.3421866446454967,0.26374299534729456,155.3322449663379,143.2808074951172
508,0.5386689450899977,0.39396536190825043,0.6576001028669946,0.39394505921196776,0.34237959443672283,0.2636753463513094,155.88236279395554,143.27908325195312
509,0.5394499886078833,0.39397190289426715,0.657488492789885,0.39393304573403287,0.34247265004988076,0.2635943042160864,154.83988231348775,143.28305053710938
510,0.5407669172932331,0.39517642429129873,0.6575599997640541,0.39515198704320253,0.34241556298784964,0.2624324499689478,154.9748549143727,143.18765258789062
511,0.5408626110731374,0.39561959790146456,0.6569524729068356,0.39557831468427185,0.34300624387597173,0.2614154414397564,155.18536333022445,143.1642303466797
512,0.5412836637047164,0.39542803071439336,0.6558875006629642,0.3953834121734533,0.3440678807960958,0.2605487070304509,155.93152906056082,143.15625
513,0.5419407609933926,0.39591554281591773,0.6554420330130019,0.3958978852070439,0.34454030937812424,0.25956180541483187,156.25872348941257,143.1519775390625
514,0.5415411255411255,0.39629859005126167,0.6549462644268149,0.3962758706576507,0.3450310161795741,0.2586931131627752,156.01451685105837,143.1436767578125
515,0.5408817498291183,0.3959796624163307,0.6542501253196177,0.39595775781088743,0.34572797007493905,0.25831427211417357,155.74142371510533,143.17271423339844
516,0.5418728639781272,0.3967077047277865,0.654051667591705,0.39667406697277025,0.34591469465327884,0.2574112383739509,154.72438064483578,143.13902282714844
517,0.5420113921166553,0.39657604729604756,0.6538811411045833,0.3965499846987332,0.3460927962981023,0.2573572190031645,154.50904708418386,143.1194610595703
518,0.5419781271360219,0.39667521740482997,0.6535050879834804,0.3966642872577186,0.34648398186940826,0.25685173087287316,154.36927417937716,143.14549255371094
519,0.5427760309865574,0.39739674021636745,0.6535485030080882,0.3973749120577069,0.3464296688332513,0.2561954191090417,154.83742975110863,143.13052368164062
520,0.5425805422647528,0.39683780789842554,0.6536361597825804,0.39682605003976673,0.3463520823587608,0.2568218676014724,154.33359480571397,143.115234375
521,0.5430334928229665,0.3963305800935984,0.6545695304219984,0.39630037081884756,0.3454002603032508,0.25829936887790167,155.07701686768422,143.11126708984375
522,0.5437074504442926,0.39682491790748314,0.6549491018014257,0.3967813363773356,0.3450073166684267,0.2582113469542377,153.9934191889477,143.107666015625
523,0.5436204146730462,0.39665709675391353,0.6540816027158993,0.3966227288920556,0.3458840294222427,0.2574932416857017,154.42988578972736,143.1300048828125
524,0.5436541353383458,0.39694765261108306,0.6539647575246281,0.3969132868809244,0.3460008767452133,0.2570858363738623,154.56204900217844,143.152099609375
525,0.5443340168603327,0.3969750724336795,0.6544965806950117,0.39694493533499475,0.3454732822063035,0.2575817824587017,153.56238923569805,143.1279754638672
526,0.544231032125769,0.39663237922993516,0.6546656451606151,0.39658800232769414,0.3452899779371439,0.258122019735162,154.46322787539302,143.10888671875
527,0.5439330143540669,0.3970021639309653,0.6539360840305581,0.3969686535791988,0.3460304056176754,0.25700094080312585,153.68955004812923,143.1355438232422
528,0.5447865117338802,0.39583817775153196,0.6538141115183675,0.39582814039583986,0.34617585112594035,0.2579960084782198,153.24310977354054,143.09930419921875
529,0.5444237867395763,0.3969815976389803,0.6529515257738516,0.3969673685778807,0.3470342451650487,0.2559983862570706,153.8447308112741,143.13589477539062
530,0.5447628161312372,0.39599676113902177,0.6525861535347249,0.39597835851982716,0.3473954438460805,0.25662619763409233,153.46244527311995,143.10379028320312
531,0.5452011847801321,0.3963620528833777,0.6521792912998853,0.3963344711495064,0.3477931269662433,0.2558724018842503,153.72103667200471,143.1197052001953
532,0.5480154932786512,0.39895977116628695,0.6539946117643146,0.398935657148559,0.34598127421795744,0.25508306863348357,152.55935623887845,142.86346435546875
533,0.5489482797903851,0.3995319868478177,0.6549585902162174,0.3994962923363884,0.3450057152723533,0.2554979923912583,153.17925202566352,142.8743896484375
534,0.5493296878560037,0.39818781190273944,0.6548779597579104,0.3981546307602463,0.3450888590995965,0.25675651014015716,153.20514904969207,143.00677490234375
535,0.5497015265436318,0.398300616751774,0.655442171231514,0.3982716028914384,0.3445288149081504,0.25719958220041117,153.34927465349162,143.0196075439453
536,0.5503472317156528,0.3980328498671482,0.6558530541003547,0.39800552603753964,0.34411962207003677,0.2578748518924236,153.88864463041207,143.0200653076172
537,0.5481809068124858,0.394937418068252,0.6541306069994339,0.39491164879304197,0.34584362372535604,0.259244727481602,154.06898019340258,143.33737182617188
538,0.5492153110047847,0.39689011352803105,0.6548708030596065,0.39686854129381965,0.345107624706182,0.25802383399999834,153.2168830942549,143.18829345703125
539,0.5471433128275234,0.39509505241083165,0.6531515624973974,0.3950717327972043,0.3468251178889753,0.2581031493138204,153.82739488267737,143.4326171875
540,0.5468197767145135,0.39438714795715984,0.652218007393358,0.39436548121827075,0.3477603258677529,0.2578741929139764,153.80000933336444,143.50741577148438
541,0.5465395306447938,0.39412663699024747,0.6519021061697658,0.39410746043167266,0.3480787172716593,0.25781382229666805,154.50480706297665,143.49313354492188
542,0.5476122123490544,0.3952385509284493,0.6525806438191448,0.395223572584638,0.3474043778370439,0.257372049578318,154.574246402077,143.3682861328125
543,0.5495338345864662,0.3976725441808629,0.6540467613968052,0.397645179907658,0.3459258743299899,0.2564289457623521,154.24140430133207,143.2018280029297
544,0.5476974253816359,0.3967969635300793,0.6531754972452455,0.3967803235151699,0.34680786273984504,0.2564118137449851,154.37902625960754,143.35418701171875
545,0.5473137388926863,0.3951793385952643,0.6534627168881341,0.3951610217470943,0.346518966263696,0.25832001198920973,154.19784110966796,143.3503875732422
546,0.5486406926406926,0.39847606960843596,0.6537751081402534,0.398447830218141,0.34619665246945164,0.2553555173124074,154.38798347497325,143.23379516601562
547,0.5481371610845295,0.39611867116362554,0.6537056265467995,0.39609123716525324,0.3462669394548283,0.2576418233799185,154.66832711634592,143.2620086669922
548,0.548034632034632,0.3960464369872832,0.6536898979098035,0.3960031995689562,0.34626686467186957,0.25772993575917424,154.02262813658368,143.29165649414062
549,0.5482683982683982,0.396259064558356,0.6544484385064517,0.39622332578386354,0.34551582271905584,0.25826085149708067,154.2486720551873,143.3197021484375
550,0.5508799270904534,0.3985595240655601,0.6588014287297772,0.398533881046169,0.34117292825083173,0.2602931907029992,153.4441222063585,143.0599822998047
551,0.5535598086124401,0.3908676994403134,0.6616731986759818,0.39079114280939786,0.33825024469310255,0.2709586124974996,153.75102960436686,142.8170623779297
552,0.5527609933925723,0.4006227360486186,0.6594415325539102,0.40060047781018504,0.34053620920765615,0.2588633129821588,153.17928104241102,142.9469451904297
553,0.551507404875826,0.39925868577845014,0.6558937041997616,0.399238855705649,0.3440864657274373,0.25667467856691367,153.80179842235245,143.06488037109375
554,0.5498354978354978,0.3978455413247319,0.6533995130174189,0.39782565095382616,0.34658059661167534,0.2555937524344985,153.63607334242766,143.21755981445312
555,0.5506224652540442,0.3974027199275701,0.6529770983522035,0.39738947863227353,0.3470096603524998,0.25560086101522667,152.95549848925097,143.19027709960938
556,0.5517593984962406,0.40044646839043435,0.6536417813807981,0.40042747324988687,0.3463392234786544,0.2532333032714587,153.5785515131694,143.041259765625
557,0.551205285942128,0.3986929779600205,0.6540541657710686,0.39867231031232947,0.3459251665812404,0.25540252310643013,154.72344951307022,143.09803771972656
558,0.552924584187742,0.4003484444034208,0.6556540214093868,0.4003195996680383,0.3443171338552308,0.25536326647673097,154.35955374721956,142.94778442382812
559,0.5508225108225108,0.3998122073495591,0.6546782706530552,0.3997766342924271,0.34528615628981285,0.25493720941776005,154.9816459570807,143.11651611328125
560,0.5513588516746412,0.3991125304452968,0.6543596177384816,0.39909765388356777,0.34562550569978934,0.2552768404166429,154.48922895607035,143.05950927734375
561,0.5504907723855093,0.39841248555525755,0.6529247085390364,0.3983744077241708,0.3470372136298769,0.25458837864595235,154.3151279911792,143.1669158935547
562,0.5518017771701982,0.39990949097758827,0.6533388827916418,0.39988306498564324,0.34663469121641316,0.25348224379794354,153.2969133615596,142.94741821289062
563,0.5527022100706311,0.40137273735370865,0.6541707718246689,0.40135295014861017,0.34580944097023264,0.2528376088811572,152.93410530915446,142.83616638183594
564,0.5525937571200729,0.4013987351845148,0.6538967416446559,0.40138141798201815,0.3460859411528474,0.25253264086513444,152.3741661973155,142.85452270507812
565,0.5504606971975393,0.4007596114524506,0.6526458088090424,0.40073560455170837,0.3473301842902153,0.25193421115807635,152.62784171339734,143.0042724609375
566,0.5469177489177489,0.39612534795965043,0.6506705904211842,0.39611035059668676,0.349314412215852,0.2545752371874612,154.00493496560188,143.39871215820312
567,0.5482601959444064,0.3971726050714911,0.6519913859953439,0.3971534886968201,0.3479894976299851,0.25485701367319474,153.43779905698094,143.24366760253906
568,0.5473529277739804,0.3969068388549126,0.6519448602441295,0.3968843606961902,0.34803266159714813,0.2550829777066617,154.06692830133386,143.27972412109375
569,0.5469933925723399,0.3964287886222412,0.6524950078183771,0.3963962988294511,0.3474725023888328,0.2561311987817161,154.2535211854276,143.27749633789062
570,0.5479530644793803,0.39866093741034175,0.6533664093380114,0.3986467999963409,0.3466194532479877,0.2547337467556714,153.38832316132536,143.1931915283203
571,0.5463426748689907,0.39703440263097095,0.6532830003611496,0.3970110488436122,0.3466936458514916,0.2562953053048962,153.45035360136254,143.28680419921875
572,0.5469706083390294,0.39938616726941906,0.6536327184175645,0.3993703382494937,0.34635145256251004,0.25427820918799626,152.93467363476785,143.18589782714844
573,0.545146958304853,0.3967383445134056,0.6525024554364408,0.39670574467640485,0.3474649447265584,0.2558293105970368,152.6491822874219,143.36459350585938
574,0.5459457735247208,0.398257041695115,0.6524308100140391,0.3982336709296056,0.3475458192204514,0.254220509849943,153.17182771071666,143.21954345703125
575,0.5437466393255866,0.3974516698903501,0.6511399100944311,0.39741311977687865,0.34882153979209757,0.2537653404310238,153.0125413575674,143.42379760742188
576,0.5424383686488949,0.3952289225046435,0.6498087587083463,0.3952070807581774,0.3501693995451876,0.25462351969663494,152.8798922361832,143.53211975097656
577,0.5430694919115971,0.39598041897486586,0.6505639529907716,0.3959586026115865,0.34941423064594895,0.25462716674246455,152.4728361104445,143.42576599121094
578,0.5446516290726817,0.3985733385317401,0.6517580599010406,0.39854489231433404,0.3482134938815533,0.25324161380411264,153.229560974467,143.24024963378906
579,0.5422506265664161,0.3970674866320047,0.6503337481900789,0.3970305108788548,0.34962927605677124,0.25334021306437393,153.27821312992188,143.49853515625
580,0.5439667350193665,0.397860496676398,0.6512643090803235,0.3978135850921687,0.3486887793354472,0.25349763557238414,152.43997118288397,143.25050354003906
581,0.5423791296422875,0.396463435023369,0.6500452425580823,0.3964373900967107,0.34992871251525937,0.25363389738802994,152.50687964135295,143.3774871826172
582,0.5420902255639097,0.39743799895260407,0.6501319332188427,0.3974245492456816,0.3498546170742348,0.2527208336800836,152.3278685492894,143.3823699951172
583,0.5413228525860104,0.3977261343863669,0.6502395337110763,0.39768993705873984,0.34972426896129666,0.2525857939799635,155.75848637928235,143.4002685546875
584,0.5411501480975165,0.3960552530663869,0.6505295759182319,0.3960266227893637,0.3494417938047449,0.25453158340589144,156.94378445106497,143.3914337158203
585,0.5398072453861927,0.39621157058838924,0.6500687569801631,0.3961887782192744,0.3499084506507221,0.2539027711300035,156.8811732498626,143.53404235839844
586,0.5413073593073593,0.39803973233414625,0.6515831733169234,0.39798922298949657,0.34836631733842693,0.2536444596720765,156.44383487148318,143.2862091064453
587,0.5400182273866484,0.3965656037196115,0.650970828727417,0.39653944492730386,0.34900301248027543,0.2544575425924207,157.2714793218966,143.3936309814453
588,0.5401134654818865,0.39669056821220994,0.6511488012527008,0.39665007141778436,0.34881070195287356,0.25453922662934214,158.10091885539185,143.37850952148438
589,0.5404324447482343,0.3990273014952204,0.6516430729380537,0.3990036923082112,0.3483333178749371,0.25266298981685176,157.67356588944662,143.25538635253906
590,0.5397233994076099,0.39900525403508713,0.6517274656098371,0.39898583529701803,0.3482531156520939,0.2527610490508881,157.82186009559084,143.27651977539062
591,0.5372490316700843,0.3962093074343953,0.6506120053299723,0.39617368381322027,0.3493523710488527,0.25447394513792704,158.21485030021384,143.49359130859375
592,0.5358172704488494,0.39670757604492407,0.6501776160414883,0.3966795112646075,0.3497943191781952,0.2535261695571973,157.89380457217794,143.57102966308594
593,0.5365568466621098,0.39615142245179086,0.65140801410477,0.39611830070133186,0.34855886414477094,0.25532283515389725,157.9418925598357,143.4697723388672
594,0.5364347231715653,0.39716498216964574,0.6515996350681189,0.39715054119669796,0.34838592395893325,0.2544635348443688,157.99043412962558,143.4741973876953
595,0.5366320346320347,0.3965272889230061,0.6521735438449304,0.39648313277668285,0.3477823000087463,0.25573456721457083,157.81193897280914,143.39295959472656
596,0.5366279334700388,0.3968767779353447,0.6521488073503562,0.39684281140935607,0.3478172261236551,0.25533996246698876,157.8189915338434,143.35256958007812
597,0.5354199134199135,0.3962845293405244,0.6505605632100658,0.3962624012854698,0.34941730873487953,0.2543202899796507,157.89383640048035,143.45213317871094
598,0.5351396673501937,0.39632941745489475,0.6499415854028223,0.39628343511892394,0.35001243226120693,0.2537041326198691,157.61390931602128,143.43301391601562
599,0.5328844839371155,0.3954883424618292,0.6482403594959874,0.3954575578387484,0.35172885588093195,0.25281358628031964,157.88918476332182,143.62448120117188
600,0.5342533606744133,0.396348063277719,0.6484362672389308,0.3963352692168926,0.35155093870024284,0.25211379208286455,158.35782429319212,143.5150909423828
601,0.5340920483025746,0.39718530968845583,0.6485843361929586,0.39714947549837254,0.35137982961695813,0.2514706948846694,158.09065623493578,143.4557647705078
602,0.5334231032125769,0.39671210501991716,0.6485981084865244,0.3966950197207066,0.35138480621426504,0.25192017406502837,157.97900131300526,143.48138427734375
603,0.5305700615174299,0.3950612194418106,0.6476566901650382,0.3950509131384755,0.3523330035316266,0.2526160833298979,158.02951982932763,143.7732391357422
604,0.5330904534062428,0.3964296796131526,0.649706334138838,0.3964168576427919,0.3502808438908013,0.25330229846640684,157.6793669707753,143.4228515625
605,0.5330612895876053,0.39751308553662457,0.6503043674875171,0.39749684348561254,0.34967939046147084,0.2528237660529166,157.85652199558388,143.41754150390625
606,0.5322337662337663,0.39665681210492926,0.6496108261478938,0.3966148595831974,0.3503472213303744,0.2530379190864282,157.21565907839727,143.51852416992188
607,0.5327117794486216,0.39784916803246434,0.6507951850926746,0.39779955450473725,0.3491552013795982,0.25304524411566454,157.5393024680164,143.39295959472656
608,0.532669400774664,0.39882954087581685,0.6507417384765554,0.3987756460323557,0.34920436667998356,0.25201998728766073,157.86747001350793,143.38827514648438
609,0.5285331510594669,0.394917171466359,0.6472032114054554,0.3948973415894595,0.352776958717645,0.25232569969289553,158.47255631253955,143.85862731933594
610,0.5275365686944634,0.3940755598054383,0.6461834411784269,0.3940574200620379,0.3537984190781728,0.2521441608597893,158.57519830626626,143.9269561767578
611,0.5307878787878788,0.3970384971334479,0.6482949209058271,0.3970161759731597,0.3516827579338847,0.2513010660929556,159.1937656999315,143.53587341308594
612,0.5291701982228298,0.3954492690723212,0.6477140426294107,0.3954191295002687,0.35225581779853676,0.25232505270119454,159.9087098196448,143.7242889404297
613,0.529721576668945,0.3966239244920747,0.6494467833259067,0.39660671980620643,0.3505360119882251,0.2528572682055685,159.43294129589134,143.5570068359375
614,0.5291952608794714,0.39583353066642324,0.649631152164048,0.3957904761740745,0.35032579334360325,0.25388373048232227,158.4991126469127,143.54315185546875
615,0.5278236500341763,0.39634415341674806,0.6484167868850195,0.396311346972181,0.3515504066704135,0.2521382463574055,158.7905455280068,143.6715850830078
616,0.5270526315789473,0.39669484366907976,0.6473811123301836,0.39667668726985683,0.35260073127059344,0.25072258145954973,159.01911004247734,143.62327575683594
617,0.5273005240373662,0.3981831395976878,0.64775342411298,0.3981684484700055,0.3522318847593377,0.24959966677065681,159.22591238384288,143.5038604736328
618,0.5267919799498747,0.3974577114212682,0.6474626852760922,0.3974274357832091,0.35250703908584874,0.25006552513094216,159.2041823631433,143.52728271484375
619,0.5256135794030531,0.39717579905310896,0.6470884530789565,0.39716019381703205,0.3528959416849667,0.24994386449800124,159.4213977263171,143.57664489746094
620,0.5253583959899749,0.3960190788612012,0.6473628652639997,0.3959982617731475,0.3526163176479466,0.2513854205789059,159.74348576935188,143.5701141357422
621,0.52642333105491,0.39679684497366774,0.6490535267252752,0.3967708762538564,0.35092050455491347,0.2523086191912302,159.47269475674236,143.49307250976562
622,0.5268102073365232,0.3978582889666417,0.6504547675992682,0.3978453141421262,0.34953225757621625,0.2526224282816575,159.35827642431136,143.4040069580078
623,0.5234932786511733,0.3950815020116538,0.6506163790927276,0.39504407184502865,0.34934619074064727,0.2556097374143241,159.63218332773332,143.82293701171875
624,0.5249264069264069,0.3860468023379467,0.6552709273224295,0.3860268362109152,0.34470910655053905,0.26926405723854574,160.1345769047468,143.6669921875
625,0.5245176577808157,0.3856230897942234,0.6559579307313124,0.385610927028619,0.34402990650308324,0.2703591664682978,159.78782576664517,143.66897583007812
626,0.5246835269993164,0.3865433752121297,0.6562039155198199,0.3865294793029117,0.34378218857096204,0.2696883321261262,159.53238962739857,143.6326141357422
627,0.5240847573479153,0.3855294825511432,0.6564475908265688,0.385512092819432,0.34353501944172005,0.27095288773884796,159.51901567162622,143.68521118164062
628,0.5233957621326042,0.3864992965300124,0.6564054076643403,0.386485366431248,0.34358066223689526,0.26993397133185676,159.49348767882765,143.65565490722656
629,0.5218828890407837,0.3857240899978346,0.6556005909513198,0.38570400743229555,0.3443793264831411,0.26991666608456333,159.63154429690064,143.76734924316406
630,0.5218742310321258,0.38646482480290384,0.6550954243298206,0.3864421223956628,0.3448818732629384,0.2686760043413988,159.23968503029462,143.7360382080078
631,0.5224474823422192,0.3885431539688673,0.6544080257407038,0.38851175435735025,0.34556057464777923,0.2659276709948705,160.16127712686577,143.53384399414062
632,0.5214814308498519,0.3977408071192451,0.6514189643225087,0.3977128446483763,0.34855307320662254,0.25373408214500115,159.92192004306222,143.55247497558594
633,0.5210097972203236,0.3983125115886915,0.6490559370834631,0.39828452380535895,0.35091607513320433,0.25079940106143667,159.84165649194128,143.55369567871094
634,0.5210015948963317,0.3994942877784172,0.648474029552066,0.3994829175624356,0.3515146002319524,0.249002482205612,159.8011821526093,143.4425048828125
635,0.5204907723855092,0.3991255602044095,0.6486175569090636,0.3991071749063444,0.3513640577928712,0.24952876730078435,159.79230303873956,143.44239807128906
636,0.519285030758715,0.3981103415232574,0.6483246765668835,0.3980813832573837,0.35164636516724274,0.2502722515753735,159.85751480162273,143.55453491210938
637,0.5184693552061973,0.3987735776920163,0.6483910348300771,0.3987516050979934,0.3515869925758999,0.2496614023261067,159.93445047860703,143.54879760742188
638,0.5177457279562543,0.39995405710121434,0.6482111753900965,0.3999382147223227,0.35177298223101183,0.24828880304666548,159.58900820547214,143.55442810058594
639,0.5181676919571656,0.4000029900124789,0.6481872169931203,0.3999897987809543,0.3517995917753551,0.24821060944369058,159.43655061607447,143.4979705810547
640,0.5169874686716792,0.3999756727240996,0.6468393491924843,0.39995980710938195,0.35314478519279807,0.24689540769781998,160.07371869736252,143.55783081054688
641,0.5176099339257234,0.4009639975525907,0.6475616144097825,0.4009578350111586,0.3524322230487853,0.2466099419400561,159.99983273101827,143.45867919921875
642,0.518166324903167,0.4017540866543079,0.6480438231455717,0.4017321012104306,0.3519341914105509,0.2463337073790185,160.3450949595292,143.39996337890625
643,0.5171496924128504,0.4007912696000035,0.6476347823788313,0.40077364666904575,0.35234759469021093,0.24687875864074332,160.45744194345681,143.45201110839844
644,0.5168074732285258,0.4007833289540742,0.6481861931658869,0.4007639308935276,0.35179440877356644,0.247441660332906,160.09840107077295,143.4731903076172
645,0.5169008885850991,0.4003071392238123,0.6493261714531546,0.4002648238313238,0.35063151315435687,0.24910366301431935,159.92403946262976,143.47361755371094
646,0.5164160401002507,0.40066621076084796,0.6519256138183583,0.40063003242813966,0.3480382078489334,0.25133175972292693,159.54168582206438,143.46156311035156
647,0.5177758031442242,0.39384946565879786,0.6558029463352986,0.39383362420011636,0.34418121220601994,0.2619851635938637,161.08393068833777,143.28831481933594
648,0.5160164046479836,0.39207769706410645,0.6561897848636257,0.3920653339196996,0.3437978519919675,0.2641368140883329,160.5888795282224,143.48338317871094
649,0.5174786967418546,0.3938387135690428,0.6581044322551728,0.3938263853604284,0.3418832395362128,0.26429037510335884,159.91457343957902,143.2931671142578
650,0.517412622465254,0.3937736357535523,0.6584333073233627,0.3937613059706093,0.3415543628936944,0.2646843311356963,160.49516760578513,143.30455017089844
651,0.5153091820460242,0.3901494986938982,0.6568533646491211,0.39013269711348847,0.3431298337704692,0.26673746911604235,161.349172212662,143.55587768554688
652,0.5165892002734108,0.39206195888519874,0.6576454035839828,0.39204960944908285,0.3423422469799013,0.26560814357101586,161.2698210654917,143.39547729492188
653,0.5157958532695375,0.39055263915809857,0.6570207630615047,0.39054822186137816,0.3429748196417749,0.26647695849684694,161.68668467745783,143.50283813476562
654,0.5175069491911597,0.3929472407893497,0.6565284427064576,0.3929287494859858,0.3434530659901785,0.26361818452383573,161.46829401876778,143.3314666748047
655,0.5141640464798359,0.3976831307778821,0.6523544024680658,0.39765831540866037,0.3476207821627126,0.254720902428627,161.4452364683121,143.63316345214844
656,0.5116828434723172,0.3952540235535512,0.649937482634065,0.3952335406558802,0.350042034468264,0.25472442487585584,161.6421254835745,143.900634765625
657,0.5107145135566188,0.39422696859193246,0.6506433563563394,0.39421180035386605,0.34934147540559424,0.2564467242405397,161.55693576608078,143.99493408203125
658,0.5115283663704716,0.3870539281581472,0.6521924655404797,0.3870245307777211,0.3477781370790941,0.26519733214318486,161.58494907571963,143.8251190185547
659,0.5106680337206653,0.3955826070506603,0.6502724731207743,0.39556743743201556,0.34971235726058103,0.2547202053074034,161.66152922248565,143.89260864257812
660,0.5093734335839599,0.39445259523000126,0.6476794117120824,0.3944347032617058,0.35230269631962213,0.25326260041867205,162.22575459376287,144.03892517089844
661,0.5093059922533607,0.395002290475202,0.646738935931114,0.3949843961376862,0.3532431697313702,0.2517724341309436,162.14932377298527,144.0042724609375
662,0.5098810663021189,0.3954236800383222,0.6468960635747953,0.3954165303762331,0.3530967867631156,0.2514866828606513,161.8819760593565,143.92745971679688
663,0.5091355661881978,0.39432631222825065,0.6440475146290425,0.39430841190085364,0.35593458504356046,0.24975700305558587,161.3545795302596,144.01889038085938
664,0.5102287537024379,0.39669303391899774,0.6401008487117497,0.39667606504259634,0.35988218241184894,0.24344175254555472,161.97842005471122,143.81875610351562
