{
  "mc_basic": {
    "chamfer_distance": 74.48331544687818,
    "hausdorff_distance": 253.1537655145226,
    "volume_ratio": 384654.8789787147,
    "area_ratio": 5484.30966261986,
    "n_vertices": 848174,
    "n_faces": 1677406,
    "gt_volume": 1.2481179855502522,
    "pred_volume": 480094.67268298945,
    "gt_area": 98.36340004123602,
    "pred_area": 539455.3452942935,
    "gt_porosity": 0.5653955555555555,
    "pred_porosity": 0.5653955555555555,
    "porosity_error": 0.0,
    "porosity_ratio": 1.0,
    "success": true
  },
  "mc_smooth": {
    "chamfer_distance": 75.07108290141802,
    "hausdorff_distance": 247.92611927394938,
    "volume_ratio": 153527.3550730969,
    "area_ratio": 3229.5313897150636,
    "n_vertices": 482223,
    "n_faces": 952504,
    "gt_volume": 1.2481179855502522,
    "pred_volume": 191620.253140692,
    "gt_area": 98.36340004123602,
    "pred_area": 317667.6880322717,
    "gt_porosity": 0.5653955555555555,
    "pred_porosity": 0.5653955555555555,
    "porosity_error": 0.0,
    "porosity_ratio": 1.0,
    "success": true
  },
  "mc_filled": {
    "chamfer_distance": 73.65078187151964,
    "hausdorff_distance": 248.12781232599156,
    "volume_ratio": 1242943.6901469738,
    "area_ratio": 4782.740370429634,
    "n_vertices": 668558,
    "n_faces": 1338320,
    "gt_volume": 1.2481179855502522,
    "pred_volume": 1551340.374698638,
    "gt_area": 98.36340004123602,
    "pred_area": 470446.60434993944,
    "gt_porosity": 0.5653955555555555,
    "pred_porosity": 0.5653955555555555,
    "porosity_error": 0.0,
    "porosity_ratio": 1.0,
    "success": true
  },
  "voxel_direct": {
    "chamfer_distance": 72.1799284604517,
    "hausdorff_distance": 247.31902612635594,
    "volume_ratio": 1172478.3636445832,
    "area_ratio": 6815.196390350348,
    "n_vertices": 924475,
    "n_faces": 1860918,
    "gt_volume": 1.2481179855502522,
    "pred_volume": 1463391.3333333333,
    "gt_area": 98.36340004123602,
    "pred_area": 670365.888903619,
    "gt_porosity": 0.5653955555555555,
    "pred_porosity": 0.5653955555555555,
    "porosity_error": 0.0,
    "porosity_ratio": 1.0,
    "success": true
  },
  "convex_hull": {
    "chamfer_distance": 77.72853479791917,
    "hausdorff_distance": 247.49491275330124,
    "volume_ratio": 2621177.6700018905,
    "area_ratio": 1303.096070086716,
    "n_vertices": 77,
    "n_faces": 150,
    "gt_volume": 1.2481179855502522,
    "pred_volume": 3271538.9932520636,
    "gt_area": 98.36340004123602,
    "pred_area": 128176.96003410217,
    "gt_porosity": 0.5653955555555555,
    "pred_porosity": 0.5653955555555555,
    "porosity_error": 0.0,
    "porosity_ratio": 1.0,
    "success": true
  },
  "dual_contour": {
    "success": false,
    "error": "No surface found at the given iso value."
  },
  "multiscale": {
    "chamfer_distance": 71.58957468336078,
    "hausdorff_distance": 248.77549339022804,
    "volume_ratio": 294992.2803242549,
    "area_ratio": 4415.8178070566155,
    "n_vertices": 672376,
    "n_faces": 1329038,
    "gt_volume": 1.2481179855502522,
    "pred_volume": 368185.1706711843,
    "gt_area": 98.36340004123602,
    "pred_area": 434354.85346472345,
    "gt_porosity": 0.5653955555555555,
    "pred_porosity": 0.5653955555555555,
    "porosity_error": 0.0,
    "porosity_ratio": 1.0,
    "success": true
  }
}