{
  "mc_basic": {
    "chamfer_distance": 74.78553338797708,
    "hausdorff_distance": 249.88366299597553,
    "volume_ratio": 590167.0387295955,
    "area_ratio": 5585.320234758374,
    "n_vertices": 847348,
    "n_faces": 1675298,
    "gt_volume": 1.1262719866588087,
    "pred_volume": 664688.6031705276,
    "gt_area": 96.57940001027103,
    "pred_area": 539426.8771381899,
    "gt_porosity": 0.6034885925925926,
    "pred_porosity": 0.6034885925925926,
    "porosity_error": 0.0,
    "porosity_ratio": 1.0,
    "success": true
  },
  "mc_smooth": {
    "chamfer_distance": 74.10629604529639,
    "hausdorff_distance": 243.59846034931797,
    "volume_ratio": 391931.68165049487,
    "area_ratio": 3263.3575495000177,
    "n_vertices": 477662,
    "n_faces": 943139,
    "gt_volume": 1.1262719866588087,
    "pred_volume": 441421.6737270306,
    "gt_area": 96.57940001027103,
    "pred_area": 315173.11414970004,
    "gt_porosity": 0.6034885925925926,
    "pred_porosity": 0.6034885925925926,
    "porosity_error": 0.0,
    "porosity_ratio": 1.0,
    "success": true
  },
  "mc_filled": {
    "chamfer_distance": 72.26886514979488,
    "hausdorff_distance": 241.95477969990688,
    "volume_ratio": 1237337.0145985635,
    "area_ratio": 4983.542241786891,
    "n_vertices": 686746,
    "n_faces": 1375272,
    "gt_volume": 1.1262719866588087,
    "pred_volume": 1393578.0175984036,
    "gt_area": 96.57940001027103,
    "pred_area": 481307.51963761897,
    "gt_porosity": 0.6034885925925926,
    "pred_porosity": 0.6034885925925926,
    "porosity_error": 0.0,
    "porosity_ratio": 1.0,
    "success": true
  },
  "voxel_direct": {
    "chamfer_distance": 74.3729197021685,
    "hausdorff_distance": 252.03478118829736,
    "volume_ratio": 1183819.3238047531,
    "area_ratio": 6922.228420089322,
    "n_vertices": 922044,
    "n_faces": 1856656,
    "gt_volume": 1.1262719866588087,
    "pred_volume": 1333302.5416666667,
    "gt_area": 96.57940001027103,
    "pred_area": 668544.6675462731,
    "gt_porosity": 0.6034885925925926,
    "pred_porosity": 0.6034885925925926,
    "porosity_error": 0.0,
    "porosity_ratio": 1.0,
    "success": true
  },
  "convex_hull": {
    "chamfer_distance": 78.77292600588333,
    "hausdorff_distance": 242.63581941563993,
    "volume_ratio": 2887591.90725944,
    "area_ratio": 1303.3664155353874,
    "n_vertices": 94,
    "n_faces": 184,
    "gt_volume": 1.1262719866588087,
    "pred_volume": 3252213.874048988,
    "gt_area": 96.57940001027103,
    "pred_area": 125878.34640594531,
    "gt_porosity": 0.6034885925925926,
    "pred_porosity": 0.6034885925925926,
    "porosity_error": 0.0,
    "porosity_ratio": 1.0,
    "success": true
  },
  "dual_contour": {
    "success": false,
    "error": "No surface found at the given iso value."
  },
  "multiscale": {
    "chamfer_distance": 74.64773603368114,
    "hausdorff_distance": 246.30641196489773,
    "volume_ratio": 506463.68386512226,
    "area_ratio": 4510.117560498308,
    "n_vertices": 673780,
    "n_faces": 1331312,
    "gt_volume": 1.1262719866588087,
    "pred_volume": 570415.8593973101,
    "gt_area": 96.57940001027103,
    "pred_area": 435584.4479687138,
    "gt_porosity": 0.6034885925925926,
    "pred_porosity": 0.6034885925925926,
    "porosity_error": 0.0,
    "porosity_ratio": 1.0,
    "success": true
  }
}