{
  "mc_basic": {
    "chamfer_distance": 77.81890932995796,
    "hausdorff_distance": 252.65053142433658,
    "volume_ratio": 625023.0127722379,
    "area_ratio": 5693.469411830901,
    "n_vertices": 773881,
    "n_faces": 1528370,
    "gt_volume": 0.9400759835930135,
    "pred_volume": 587569.1235001301,
    "gt_area": 86.6960001344756,
    "pred_area": 493601.0248937245,
    "gt_porosity": 0.6656414814814815,
    "pred_porosity": 0.6656414814814815,
    "porosity_error": 0.0,
    "porosity_ratio": 1.0,
    "success": true
  },
  "mc_smooth": {
    "chamfer_distance": 75.31606181743093,
    "hausdorff_distance": 249.71227858672358,
    "volume_ratio": 354707.17249036505,
    "area_ratio": 3307.0252607863895,
    "n_vertices": 435203,
    "n_faces": 858323,
    "gt_volume": 0.9400759835930135,
    "pred_volume": 333451.6940663766,
    "gt_area": 86.6960001344756,
    "pred_area": 286705.86245385103,
    "gt_porosity": 0.6656414814814815,
    "pred_porosity": 0.6656414814814815,
    "porosity_error": 0.0,
    "porosity_ratio": 1.0,
    "success": true
  },
  "mc_filled": {
    "chamfer_distance": 76.56056981522939,
    "hausdorff_distance": 246.6860128553596,
    "volume_ratio": 1248859.2694012388,
    "area_ratio": 5157.331316330917,
    "n_vertices": 639762,
    "n_faces": 1280764,
    "gt_volume": 0.9400759835930135,
    "pred_volume": 1174022.6060516217,
    "gt_area": 86.6960001344756,
    "pred_area": 447119.9964941603,
    "gt_porosity": 0.6656414814814815,
    "pred_porosity": 0.6656414814814815,
    "porosity_error": 0.0,
    "porosity_ratio": 1.0,
    "success": true
  },
  "voxel_direct": {
    "chamfer_distance": 74.48983521801111,
    "hausdorff_distance": 249.92858191793937,
    "volume_ratio": 1193469.5736457184,
    "area_ratio": 7004.776494421366,
    "n_vertices": 839243,
    "n_faces": 1689666,
    "gt_volume": 0.9400759835930135,
    "pred_volume": 1121952.0833333333,
    "gt_area": 86.6960001344756,
    "pred_area": 607286.1039023262,
    "gt_porosity": 0.6656414814814815,
    "pred_porosity": 0.6656414814814815,
    "porosity_error": 0.0,
    "porosity_ratio": 1.0,
    "success": true
  },
  "convex_hull": {
    "chamfer_distance": 82.27951793575096,
    "hausdorff_distance": 245.36104695923095,
    "volume_ratio": 3483497.728849247,
    "area_ratio": 1478.1799134082905,
    "n_vertices": 74,
    "n_faces": 144,
    "gt_volume": 0.9400759835930135,
    "pred_volume": 3274752.5537919845,
    "gt_area": 86.6960001344756,
    "pred_area": 128152.28597162428,
    "gt_porosity": 0.6656414814814815,
    "pred_porosity": 0.6656414814814815,
    "porosity_error": 0.0,
    "porosity_ratio": 1.0,
    "success": true
  },
  "dual_contour": {
    "success": false,
    "error": "Surface level must be within volume data range."
  },
  "multiscale": {
    "chamfer_distance": 75.98116233399877,
    "hausdorff_distance": 247.94424727146037,
    "volume_ratio": 526953.2158550529,
    "area_ratio": 4584.319856031224,
    "n_vertices": 616003,
    "n_faces": 1215356,
    "gt_volume": 0.9400759835930135,
    "pred_volume": 495376.0627024404,
    "gt_area": 86.6960001344756,
    "pred_area": 397442.1948549621,
    "gt_porosity": 0.6656414814814815,
    "pred_porosity": 0.6656414814814815,
    "porosity_error": 0.0,
    "porosity_ratio": 1.0,
    "success": true
  }
}