{
    "radius": 2.117104509797286,
    "height": 2.9639463137162,
    "theta": 88.96581462046336,
    "light_intensity": 300.0,
    "obj_path": "C:/Users/CMU Lab/Downloads/NEW_synthetic_pfibs_1025/synthetic_pfibs/synthetic_0/synthetic_volume.obj"
}