{
  "mc_basic": {
    "chamfer_distance": 74.79307825564626,
    "hausdorff_distance": 249.26921625242514,
    "volume_ratio": 468338.290357412,
    "area_ratio": 5493.61559922464,
    "n_vertices": 864889,
    "n_faces": 1710358,
    "gt_volume": 1.2493769983333642,
    "pred_volume": 585131.087411323,
    "gt_area": 100.07920030435427,
    "pred_area": 549796.655949928,
    "gt_porosity": 0.5638574814814815,
    "pred_porosity": 0.5638574814814815,
    "porosity_error": 0.0,
    "porosity_ratio": 1.0,
    "success": true
  },
  "mc_smooth": {
    "chamfer_distance": 74.89205730214063,
    "hausdorff_distance": 248.14453308409006,
    "volume_ratio": 233441.2195059011,
    "area_ratio": 3217.699506092392,
    "n_vertices": 488815,
    "n_faces": 965312,
    "gt_volume": 1.2493769983333642,
    "pred_volume": 291656.0901135627,
    "gt_area": 100.07920030435427,
    "pred_area": 322024.7933894423,
    "gt_porosity": 0.5638574814814815,
    "pred_porosity": 0.5638574814814815,
    "porosity_error": 0.0,
    "porosity_ratio": 1.0,
    "success": true
  },
  "mc_filled": {
    "chamfer_distance": 79.24562031354468,
    "hausdorff_distance": 248.25633606384284,
    "volume_ratio": 1239526.270872951,
    "area_ratio": 4727.09218938402,
    "n_vertices": 674674,
    "n_faces": 1350748,
    "gt_volume": 1.2493769983333642,
    "pred_volume": 1548635.6116585962,
    "gt_area": 100.07920030435427,
    "pred_area": 473083.60607851186,
    "gt_porosity": 0.5638574814814815,
    "pred_porosity": 0.5638574814814815,
    "porosity_error": 0.0,
    "porosity_ratio": 1.0,
    "success": true
  },
  "voxel_direct": {
    "chamfer_distance": 74.5431305877,
    "hausdorff_distance": 250.25323817506677,
    "volume_ratio": 1175569.8722583975,
    "area_ratio": 6820.5996575672025,
    "n_vertices": 941681,
    "n_faces": 1895810,
    "gt_volume": 1.2493769983333642,
    "pred_volume": 1468729.9583333333,
    "gt_area": 100.07920030435427,
    "pred_area": 682600.1593254782,
    "gt_porosity": 0.5638574814814815,
    "pred_porosity": 0.5638574814814815,
    "porosity_error": 0.0,
    "porosity_ratio": 1.0,
    "success": true
  },
  "convex_hull": {
    "chamfer_distance": 78.26356042336384,
    "hausdorff_distance": 251.99489440113604,
    "volume_ratio": 2623760.5235887887,
    "area_ratio": 1283.0290620235369,
    "n_vertices": 81,
    "n_faces": 158,
    "gt_volume": 1.2493769983333642,
    "pred_volume": 3278066.0473069367,
    "gt_area": 100.07920030435427,
    "pred_area": 128404.52249456133,
    "gt_porosity": 0.5638574814814815,
    "pred_porosity": 0.5638574814814815,
    "porosity_error": 0.0,
    "porosity_ratio": 1.0,
    "success": true
  },
  "dual_contour": {
    "success": false,
    "error": "No surface found at the given iso value."
  },
  "multiscale": {
    "chamfer_distance": 79.70823431314138,
    "hausdorff_distance": 245.543689666048,
    "volume_ratio": 377594.16686372965,
    "area_ratio": 4429.411756619964,
    "n_vertices": 685932,
    "n_faces": 1355910,
    "gt_volume": 1.2493769983333642,
    "pred_volume": 471757.46678439406,
    "gt_area": 100.07920030435427,
    "pred_area": 443291.9864212311,
    "gt_porosity": 0.5638574814814815,
    "pred_porosity": 0.5638574814814815,
    "porosity_error": 0.0,
    "porosity_ratio": 1.0,
    "success": true
  }
}