{
    "radius": 2.1517830138392937,
    "height": 3.012496219375011,
    "theta": 91.82430426951224,
    "light_intensity": 300.0,
    "obj_path": "C:/Users/CMU Lab/Downloads/NEW_synthetic_pfibs_1025/synthetic_pfibs/synthetic_8/synthetic_volume.obj"
}