{
    "radius": 2.167933422416449,
    "height": 3.0351067913830283,
    "theta": 94.84007436134246,
    "light_intensity": 300.0,
    "obj_path": "C:/Users/CMU Lab/Downloads/NEW_synthetic_pfibs_1025/synthetic_pfibs/synthetic_3/synthetic_volume.obj"
}