{
  "mc_basic": {
    "chamfer_distance": 76.8826691062983,
    "hausdorff_distance": 248.05599999808229,
    "volume_ratio": 355686.5742176513,
    "area_ratio": 5234.523486114728,
    "n_vertices": 863171,
    "n_faces": 1707782,
    "gt_volume": 1.530123979479308,
    "pred_volume": 544244.5563892748,
    "gt_area": 104.26180000371866,
    "pred_area": 545760.840824062,
    "gt_porosity": 0.4768945185185185,
    "pred_porosity": 0.4768945185185185,
    "porosity_error": 0.0,
    "porosity_ratio": 1.0,
    "success": true
  },
  "mc_smooth": {
    "chamfer_distance": 77.43701955916954,
    "hausdorff_distance": 247.3731387634838,
    "volume_ratio": 221055.53427410722,
    "area_ratio": 2959.148952284539,
    "n_vertices": 467821,
    "n_faces": 924620,
    "gt_volume": 1.530123979479308,
    "pred_volume": 338242.3737894215,
    "gt_area": 104.26180000371866,
    "pred_area": 308526.19624430424,
    "gt_porosity": 0.4768945185185185,
    "pred_porosity": 0.4768945185185185,
    "porosity_error": 0.0,
    "porosity_ratio": 1.0,
    "success": true
  },
  "mc_filled": {
    "chamfer_distance": 75.37151035845062,
    "hausdorff_distance": 252.36938663602592,
    "volume_ratio": 1253251.5640965865,
    "area_ratio": 4162.351421607673,
    "n_vertices": 606138,
    "n_faces": 1213200,
    "gt_volume": 1.530123979479308,
    "pred_volume": 1917630.2705441362,
    "gt_area": 104.26180000371866,
    "pred_area": 433974.25146485324,
    "gt_porosity": 0.4768945185185185,
    "pred_porosity": 0.4768945185185185,
    "porosity_error": 0.0,
    "porosity_ratio": 1.0,
    "success": true
  },
  "voxel_direct": {
    "chamfer_distance": 75.34005716708197,
    "hausdorff_distance": 252.35365000042205,
    "volume_ratio": 1153901.0773062718,
    "area_ratio": 6636.235899283839,
    "n_vertices": 951507,
    "n_faces": 1915710,
    "gt_volume": 1.530123979479308,
    "pred_volume": 1765611.7083333333,
    "gt_area": 104.26180000371866,
    "pred_area": 691905.9001086297,
    "gt_porosity": 0.4768945185185185,
    "pred_porosity": 0.4768945185185185,
    "porosity_error": 0.0,
    "porosity_ratio": 1.0,
    "success": true
  },
  "convex_hull": {
    "chamfer_distance": 80.62075924831751,
    "hausdorff_distance": 244.03461442301003,
    "volume_ratio": 2122653.9684086097,
    "area_ratio": 1211.3063140633187,
    "n_vertices": 94,
    "n_faces": 184,
    "gt_volume": 1.530123979479308,
    "pred_volume": 3247923.737198927,
    "gt_area": 104.26180000371866,
    "pred_area": 126292.97666011137,
    "gt_porosity": 0.4768945185185185,
    "pred_porosity": 0.4768945185185185,
    "porosity_error": 0.0,
    "porosity_ratio": 1.0,
    "success": true
  },
  "dual_contour": {
    "success": false,
    "error": "No surface found at the given iso value."
  },
  "multiscale": {
    "chamfer_distance": 73.8647406432548,
    "hausdorff_distance": 244.78924405218953,
    "volume_ratio": 309582.1479810777,
    "area_ratio": 4138.340402213223,
    "n_vertices": 667883,
    "n_faces": 1321482,
    "gt_volume": 1.530123979479308,
    "pred_volume": 473699.0682445587,
    "gt_area": 104.26180000371866,
    "pred_area": 431470.81936286367,
    "gt_porosity": 0.4768945185185185,
    "pred_porosity": 0.4768945185185185,
    "porosity_error": 0.0,
    "porosity_ratio": 1.0,
    "success": true
  }
}