{
    "radius": 2.1338268055246865,
    "height": 2.9873575277345608,
    "theta": 87.39893633532029,
    "light_intensity": 300.0,
    "obj_path": "C:/Users/CMU Lab/Downloads/NEW_synthetic_pfibs_1025/synthetic_pfibs/synthetic_5/synthetic_volume.obj"
}