{
    "radius": 2.2287026588495245,
    "height": 3.120183722389334,
    "theta": 87.55801660507146,
    "light_intensity": 300.0,
    "obj_path": "C:/Users/CMU Lab/Downloads/NEW_synthetic_pfibs_1025/synthetic_pfibs/synthetic_2/synthetic_volume.obj"
}