{
    "radius": 2.206284122310707,
    "height": 3.0887977712349897,
    "theta": 94.01831140661014,
    "light_intensity": 300.0,
    "obj_path": "C:/Users/CMU Lab/Downloads/NEW_synthetic_pfibs_1025/synthetic_pfibs/synthetic_6/synthetic_volume.obj"
}