{
  "mc_basic": {
    "chamfer_distance": 75.32183374800856,
    "hausdorff_distance": 247.5947516041063,
    "volume_ratio": 89679.32685034325,
    "area_ratio": 5076.109547971324,
    "n_vertices": 868361,
    "n_faces": 1717740,
    "gt_volume": 1.7853719914078179,
    "pred_volume": 160110.9583669099,
    "gt_area": 107.74339972659806,
    "pred_area": 546917.3000830753,
    "gt_porosity": 0.39814814814814814,
    "pred_porosity": 0.39814814814814814,
    "porosity_error": 0.0,
    "porosity_ratio": 1.0,
    "success": true
  },
  "mc_smooth": {
    "chamfer_distance": 74.3308560006202,
    "hausdorff_distance": 238.65463697105005,
    "volume_ratio": 69503.68201045287,
    "area_ratio": 2857.535470564459,
    "n_vertices": 467420,
    "n_faces": 923879,
    "gt_volume": 1.7853719914078179,
    "pred_volume": 124089.92716117798,
    "gt_area": 107.74339972659806,
    "pred_area": 307880.586437959,
    "gt_porosity": 0.39814814814814814,
    "pred_porosity": 0.39814814814814814,
    "porosity_error": 0.0,
    "porosity_ratio": 1.0,
    "success": true
  },
  "mc_filled": {
    "chamfer_distance": 75.43987667237177,
    "hausdorff_distance": 249.69341039846242,
    "volume_ratio": 1296052.3794158828,
    "area_ratio": 3492.0969524276493,
    "n_vertices": 516158,
    "n_faces": 1032928,
    "gt_volume": 1.7853719914078179,
    "pred_volume": 2313935.617606575,
    "gt_area": 107.74339972659806,
    "pred_area": 376250.3978294471,
    "gt_porosity": 0.39814814814814814,
    "pred_porosity": 0.39814814814814814,
    "porosity_error": 0.0,
    "porosity_ratio": 1.0,
    "success": true
  },
  "voxel_direct": {
    "chamfer_distance": 75.08590858551426,
    "hausdorff_distance": 251.6272660534262,
    "volume_ratio": 1139423.6568756925,
    "area_ratio": 6495.861585592157,
    "n_vertices": 961432,
    "n_faces": 1934564,
    "gt_volume": 1.7853719914078179,
    "pred_volume": 2034295.0833333333,
    "gt_area": 107.74339972659806,
    "pred_area": 699886.2113851089,
    "gt_porosity": 0.39814814814814814,
    "pred_porosity": 0.39814814814814814,
    "porosity_error": 0.0,
    "porosity_ratio": 1.0,
    "success": true
  },
  "convex_hull": {
    "chamfer_distance": 81.21926964639749,
    "hausdorff_distance": 242.6443217066645,
    "volume_ratio": 1818748.5528490245,
    "area_ratio": 1165.2330067953314,
    "n_vertices": 86,
    "n_faces": 168,
    "gt_volume": 1.7853719914078179,
    "pred_volume": 3247142.72567015,
    "gt_area": 107.74339972659806,
    "pred_area": 125546.16562577515,
    "gt_porosity": 0.39814814814814814,
    "pred_porosity": 0.39814814814814814,
    "porosity_error": 0.0,
    "porosity_ratio": 1.0,
    "success": true
  },
  "dual_contour": {
    "success": false,
    "error": "No surface found at the given iso value."
  },
  "multiscale": {
    "chamfer_distance": 74.5459162812344,
    "hausdorff_distance": 249.67100786474714,
    "volume_ratio": 26843.01164042905,
    "area_ratio": 3975.9536041621254,
    "n_vertices": 664031,
    "n_faces": 1313770,
    "gt_volume": 1.7853719914078179,
    "pred_volume": 47924.76114785605,
    "gt_area": 107.74339972659806,
    "pred_area": 428382.7584676481,
    "gt_porosity": 0.39814814814814814,
    "pred_porosity": 0.39814814814814814,
    "porosity_error": 0.0,
    "porosity_ratio": 1.0,
    "success": true
  }
}