{
    "radius": 2.411415668105832,
    "height": 3.3759819353481646,
    "theta": 92.8665661047408,
    "light_intensity": 300.0,
    "obj_path": "C:/Users/CMU Lab/Downloads/NEW_synthetic_pfibs_1025/synthetic_pfibs/synthetic_1/synthetic_volume.obj"
}