{
    "radius": 2.192471424301802,
    "height": 3.0694599940225227,
    "theta": 91.4356501317153,
    "light_intensity": 300.0,
    "obj_path": "C:/Users/CMU Lab/Downloads/NEW_synthetic_pfibs_1025/synthetic_pfibs/synthetic_10/synthetic_volume.obj"
}